{
  "total_reward": {
    "mean": -3188.2426698283593,
    "std": 3003.640962185459,
    "min": -14775.198444947622,
    "max": -52.03941133828616
  },
  "total_profits": {
    "mean": -0.05207925904546379,
    "std": 0.035620908450735206,
    "min": -0.12793710391359547,
    "max": 0.0013164300470304819
  },
  "total_energy_charged": {
    "mean": 81.05309090666493,
    "std": 51.84589541802985,
    "min": 3.6458153979490473,
    "max": 190.80230808280513
  },
  "total_energy_discharged": {
    "mean": 9.29714729973126,
    "std": 9.247055322831908,
    "min": 0.011301007596302377,
    "max": 35.68882156784692
  },
  "average_user_satisfaction": {
    "mean": 0.9029818566026018,
    "std": 0.051554105342254346,
    "min": 0.7439130434782608,
    "max": 0.992091049382716
  },
  "min_user_satisfaction": {
    "mean": 0.7727996531935746,
    "std": 0.11625705778903267,
    "min": 0.5578260869565217,
    "max": 0.992091049382716
  },
  "power_tracker_violation": {
    "mean": 2.020609705693134,
    "std": 3.591810525712291,
    "min": 0.0,
    "max": 24.96330361748864
  },
  "tracking_error": {
    "mean": 11575.585258799338,
    "std": 10031.982698674872,
    "min": 352.1350061382935,
    "max": 47135.70706505657
  },
  "energy_tracking_error": {
    "mean": 161.5512691624606,
    "std": 83.33639272782398,
    "min": 31.846968578172284,
    "max": 334.32890021750546
  },
  "total_transformer_overload": {
    "mean": 0.0,
    "std": 0.0,
    "min": 0.0,
    "max": 0.0
  },
  "battery_degradation": {
    "mean": 0.00018060617277730284,
    "std": 0.00010629429709730911,
    "min": 2.33031345316867e-05,
    "max": 0.0003956713003865123
  },
  "exec_time_per_step": {
    "mean": 0.019218961322524895,
    "std": 0.0008532150771184806,
    "min": 0.017843810666818172,
    "max": 0.021664513643675793
  },
  "opt_total_reward": {
    "mean": -60.93177650904956,
    "std": 141.89619021118165,
    "min": -959.0415469128404,
    "max": -0.42376056940110046
  },
  "opt_total_profits": {
    "mean": -0.05672719940160691,
    "std": 0.03765065852126226,
    "min": -0.16148570326025058,
    "max": -0.003552162862611945
  },
  "opt_tracking_error": {
    "mean": 12074.615033627711,
    "std": 10371.69980696037,
    "min": 422.1165718697948,
    "max": 49031.24715959474
  },
  "opt_actual_tracking_error": {
    "mean": 141.08939434846081,
    "std": 73.64510831453342,
    "min": 31.341639590446864,
    "max": 300.2705986996293
  },
  "opt_power_tracker_violation": {
    "mean": 0.01269749309647878,
    "std": 0.06219985823444736,
    "min": 0.0,
    "max": 0.3479553667872626
  },
  "opt_energy_user_satisfaction": {
    "mean": 79.69428648155264,
    "std": 0.8801321924037289,
    "min": 77.98884096413332,
    "max": 82.85653469561515
  },
  "opt_average_user_satisfaction": {
    "mean": 0.9908517433473725,
    "std": 0.004712176964453395,
    "min": 0.9748605120516665,
    "max": 1.0
  },
  "opt_min_user_satisfaction": {
    "mean": 0.9762334707626675,
    "std": 0.021030465241514116,
    "min": 0.8435064935064935,
    "max": 1.0
  },
  "opt_total_energy_charged": {
    "mean": 141.2023567736147,
    "std": 97.9571325548543,
    "min": 7.487156810487663,
    "max": 366.39743248278296
  },
  "opt_total_energy_discharged": {
    "mean": 49.988494458979524,
    "std": 51.93689057259549,
    "min": 0.0,
    "max": 218.35875790609856
  },
  "opt_total_transformer_overload": {
    "mean": 0.0,
    "std": 0.0,
    "min": 0.0,
    "max": 0.0
  },
  "optimality_gap_pct": {
    "mean": -5132.479426157619
  }
}