{
  "total_reward": {
    "mean": -6890.7686164595725,
    "std": 6906.275574707233,
    "min": -33438.91933798329,
    "max": -326.82305969932014
  },
  "total_profits": {
    "mean": -0.052714978800325364,
    "std": 0.03129597355590221,
    "min": -0.11510949385518165,
    "max": -0.00310119230063557
  },
  "total_energy_charged": {
    "mean": 77.90236063679276,
    "std": 45.51658567890318,
    "min": 6.1146221132753755,
    "max": 178.24904185249824
  },
  "total_energy_discharged": {
    "mean": 2.4692528326305676,
    "std": 3.045674084019106,
    "min": 0.0,
    "max": 11.689306165164972
  },
  "average_user_satisfaction": {
    "mean": 0.8891359300009593,
    "std": 0.0615897533653638,
    "min": 0.7065011185813344,
    "max": 1.0
  },
  "min_user_satisfaction": {
    "mean": 0.7157950858256015,
    "std": 0.1531344397771263,
    "min": 0.3922077922077922,
    "max": 1.0
  },
  "power_tracker_violation": {
    "mean": 4.221626614807705,
    "std": 2.3455508159888843,
    "min": 0.36058089604227794,
    "max": 10.058259845964775
  },
  "tracking_error": {
    "mean": 11770.858914759881,
    "std": 11057.420642263192,
    "min": 370.0233557323255,
    "max": 44939.02906872021
  },
  "energy_tracking_error": {
    "mean": 158.9746134197894,
    "std": 84.94552084814978,
    "min": 31.046172743083964,
    "max": 376.10899388350407
  },
  "total_transformer_overload": {
    "mean": 0.0,
    "std": 0.0,
    "min": 0.0,
    "max": 0.0
  },
  "battery_degradation": {
    "mean": 0.00016846084181438098,
    "std": 9.388207984442654e-05,
    "min": 2.5923210277702784e-05,
    "max": 0.00039570027018630846
  },
  "exec_time_per_step": {
    "mean": 0.0177217449034409,
    "std": 0.001494473198690113,
    "min": 0.01673105186394726,
    "max": 0.024711959743096184
  },
  "opt_total_reward": {
    "mean": -60.93177650904956,
    "std": 141.89619021118165,
    "min": -959.0415469128404,
    "max": -0.42376056940110046
  },
  "opt_total_profits": {
    "mean": -0.05672719940160691,
    "std": 0.03765065852126226,
    "min": -0.16148570326025058,
    "max": -0.003552162862611945
  },
  "opt_tracking_error": {
    "mean": 12074.615033627711,
    "std": 10371.69980696037,
    "min": 422.1165718697948,
    "max": 49031.24715959474
  },
  "opt_actual_tracking_error": {
    "mean": 141.08939434846081,
    "std": 73.64510831453342,
    "min": 31.341639590446864,
    "max": 300.2705986996293
  },
  "opt_power_tracker_violation": {
    "mean": 0.01269749309647878,
    "std": 0.06219985823444736,
    "min": 0.0,
    "max": 0.3479553667872626
  },
  "opt_energy_user_satisfaction": {
    "mean": 79.69428648155264,
    "std": 0.8801321924037289,
    "min": 77.98884096413332,
    "max": 82.85653469561515
  },
  "opt_average_user_satisfaction": {
    "mean": 0.9908517433473725,
    "std": 0.004712176964453395,
    "min": 0.9748605120516665,
    "max": 1.0
  },
  "opt_min_user_satisfaction": {
    "mean": 0.9762334707626675,
    "std": 0.021030465241514116,
    "min": 0.8435064935064935,
    "max": 1.0
  },
  "opt_total_energy_charged": {
    "mean": 141.2023567736147,
    "std": 97.9571325548543,
    "min": 7.487156810487663,
    "max": 366.39743248278296
  },
  "opt_total_energy_discharged": {
    "mean": 49.988494458979524,
    "std": 51.93689057259549,
    "min": 0.0,
    "max": 218.35875790609856
  },
  "opt_total_transformer_overload": {
    "mean": 0.0,
    "std": 0.0,
    "min": 0.0,
    "max": 0.0
  },
  "optimality_gap_pct": {
    "mean": -11208.990171058213
  }
}