{
  "total_reward": {
    "mean": -3275.43463221337,
    "std": 2852.598560257091,
    "min": -11639.80573013131,
    "max": -188.88946460633528
  },
  "total_profits": {
    "mean": -0.06388195160045868,
    "std": 0.04605403000235069,
    "min": -0.16781988553127652,
    "max": 0.0001490619535909751
  },
  "total_energy_charged": {
    "mean": 97.54295027273422,
    "std": 68.58613024270792,
    "min": 4.701607260470567,
    "max": 246.745644357888
  },
  "total_energy_discharged": {
    "mean": 12.438617737901122,
    "std": 12.742522854202853,
    "min": 0.0,
    "max": 51.42818090207616
  },
  "average_user_satisfaction": {
    "mean": 0.9155177800243025,
    "std": 0.08946193387835652,
    "min": 0.5032608695652173,
    "max": 0.9987020775326622
  },
  "min_user_satisfaction": {
    "mean": 0.7925435576302298,
    "std": 0.15098286775715603,
    "min": 0.46347826086956523,
    "max": 0.9948275862068964
  },
  "power_tracker_violation": {
    "mean": 5.727648902617693,
    "std": 6.677834254448699,
    "min": 0.0,
    "max": 27.55303008270485
  },
  "tracking_error": {
    "mean": 9995.979084532253,
    "std": 7866.317478978696,
    "min": 462.00597043974267,
    "max": 32102.401528950562
  },
  "energy_tracking_error": {
    "mean": 150.0563998330235,
    "std": 71.69152457185163,
    "min": 35.16136580318087,
    "max": 298.64715414969106
  },
  "total_transformer_overload": {
    "mean": 0.0,
    "std": 0.0,
    "min": 0.0,
    "max": 0.0
  },
  "battery_degradation": {
    "mean": 0.00021211364673028133,
    "std": 0.0001414246915515929,
    "min": 1.4979274467977543e-05,
    "max": 0.00051766399925058
  },
  "exec_time_per_step": {
    "mean": 0.01882527589603948,
    "std": 0.001029852248977752,
    "min": 0.017874072732714314,
    "max": 0.023621021789343406
  },
  "opt_total_reward": {
    "mean": -60.93177650904956,
    "std": 141.89619021118165,
    "min": -959.0415469128404,
    "max": -0.42376056940110046
  },
  "opt_total_profits": {
    "mean": -0.05672719940160691,
    "std": 0.03765065852126226,
    "min": -0.16148570326025058,
    "max": -0.003552162862611945
  },
  "opt_tracking_error": {
    "mean": 12074.615033627711,
    "std": 10371.69980696037,
    "min": 422.1165718697948,
    "max": 49031.24715959474
  },
  "opt_actual_tracking_error": {
    "mean": 141.08939434846081,
    "std": 73.64510831453342,
    "min": 31.341639590446864,
    "max": 300.2705986996293
  },
  "opt_power_tracker_violation": {
    "mean": 0.01269749309647878,
    "std": 0.06219985823444736,
    "min": 0.0,
    "max": 0.3479553667872626
  },
  "opt_energy_user_satisfaction": {
    "mean": 79.69428648155264,
    "std": 0.8801321924037289,
    "min": 77.98884096413332,
    "max": 82.85653469561515
  },
  "opt_average_user_satisfaction": {
    "mean": 0.9908517433473725,
    "std": 0.004712176964453395,
    "min": 0.9748605120516665,
    "max": 1.0
  },
  "opt_min_user_satisfaction": {
    "mean": 0.9762334707626675,
    "std": 0.021030465241514116,
    "min": 0.8435064935064935,
    "max": 1.0
  },
  "opt_total_energy_charged": {
    "mean": 141.2023567736147,
    "std": 97.9571325548543,
    "min": 7.487156810487663,
    "max": 366.39743248278296
  },
  "opt_total_energy_discharged": {
    "mean": 49.988494458979524,
    "std": 51.93689057259549,
    "min": 0.0,
    "max": 218.35875790609856
  },
  "opt_total_transformer_overload": {
    "mean": 0.0,
    "std": 0.0,
    "min": 0.0,
    "max": 0.0
  },
  "optimality_gap_pct": {
    "mean": -5275.577112423275
  }
}