{
  "total_reward": {
    "mean": -51965.60207239566,
    "std": 26639.16561642849,
    "min": -113365.44743399964,
    "max": -5434.333191779607
  },
  "total_profits": {
    "mean": -12.667027134645965,
    "std": 10.054595666605774,
    "min": -40.67384513325764,
    "max": 2.990192989436285
  },
  "total_energy_charged": {
    "mean": 95.22950334632465,
    "std": 48.71427038379392,
    "min": 9.205930715805241,
    "max": 232.20227126315055
  },
  "total_energy_discharged": {
    "mean": 24.895287819248356,
    "std": 20.164079588559687,
    "min": 0.4117497697312888,
    "max": 108.29779124028184
  },
  "average_user_satisfaction": {
    "mean": 0.7342856996945061,
    "std": 0.07309356094590487,
    "min": 0.5608991822026752,
    "max": 0.9734463453213453
  },
  "min_user_satisfaction": {
    "mean": 0.32738067812811694,
    "std": 0.0920047689457068,
    "min": 0.2435064935064935,
    "max": 0.8051948051948052
  },
  "power_tracker_violation": {
    "mean": 1.1426868526102083,
    "std": 2.229871020064513,
    "min": 0.0,
    "max": 11.278482075998628
  },
  "tracking_error": {
    "mean": 158314.16943002547,
    "std": 159033.33787879412,
    "min": 17320.48571425643,
    "max": 880721.7623491337
  },
  "energy_tracking_error": {
    "mean": 613.1671482130448,
    "std": 257.7560959453129,
    "min": 206.78549319313737,
    "max": 1347.3201020264182
  },
  "total_transformer_overload": {
    "mean": 0.0,
    "std": 0.0,
    "min": 0.0,
    "max": 0.0
  },
  "battery_degradation": {
    "mean": 0.00033440377425363765,
    "std": 0.00013495333942817344,
    "min": 0.00013087325133756658,
    "max": 0.0007141216475112799
  },
  "exec_time_per_step": {
    "mean": 0.019261431132520858,
    "std": 0.0009153199742993923,
    "min": 0.018378434043067198,
    "max": 0.02405453541238482
  },
  "opt_total_reward": {
    "mean": -77273.24441685923,
    "std": 35558.02240424826,
    "min": -166692.07881372448,
    "max": -16169.562458506396
  },
  "opt_total_profits": {
    "mean": -1.2409217872407725,
    "std": 5.868344064149198,
    "min": -19.196887919531882,
    "max": 8.464836422277205
  },
  "opt_tracking_error": {
    "mean": 197651.83662599427,
    "std": 180715.01845574964,
    "min": 22049.398125396132,
    "max": 961580.5813657357
  },
  "opt_actual_tracking_error": {
    "mean": 688.8284573141168,
    "std": 275.8471612147147,
    "min": 228.15040981406764,
    "max": 1486.969221595727
  },
  "opt_power_tracker_violation": {
    "mean": 25.308273150719774,
    "std": 20.700880832220633,
    "min": 0.23475237422013606,
    "max": 85.25161537509418
  },
  "opt_energy_user_satisfaction": {
    "mean": 53.34064495849566,
    "std": 8.474894084741537,
    "min": 33.584198830820654,
    "max": 80.63785362363637
  },
  "opt_average_user_satisfaction": {
    "mean": 0.6414928816375375,
    "std": 0.09210590544706654,
    "min": 0.4198024853852582,
    "max": 0.9369285196542142
  },
  "opt_min_user_satisfaction": {
    "mean": 0.2507230204162002,
    "std": 0.08669578970178075,
    "min": 0.16233766233766234,
    "max": 0.7074675324675325
  },
  "opt_total_energy_charged": {
    "mean": 250.00524058637203,
    "std": 92.24381343045096,
    "min": 112.49647420302453,
    "max": 478.7547770256459
  },
  "opt_total_energy_discharged": {
    "mean": 243.24954101131297,
    "std": 83.72506541789937,
    "min": 111.20849896912755,
    "max": 472.71924994397295
  },
  "opt_total_transformer_overload": {
    "mean": 0.0,
    "std": 0.0,
    "min": 0.0,
    "max": 0.0
  },
  "optimality_gap_pct": {
    "mean": 32.750847379901174
  }
}