{
  "total_reward": {
    "mean": -4311.443334818769,
    "std": 2916.0796138699097,
    "min": -16621.56790052615,
    "max": -104.32733303214397
  },
  "total_profits": {
    "mean": -0.06132563228287175,
    "std": 0.03974904233858319,
    "min": -0.1617013753585651,
    "max": 0.0016669678558390935
  },
  "total_energy_charged": {
    "mean": 96.31769712944977,
    "std": 55.5107466322254,
    "min": 0.5895232533281398,
    "max": 231.7440321292361
  },
  "total_energy_discharged": {
    "mean": 14.92447583367207,
    "std": 13.255586422005452,
    "min": 0.006536011566810967,
    "max": 63.22932816376516
  },
  "average_user_satisfaction": {
    "mean": 0.9096731018102767,
    "std": 0.0728043296657776,
    "min": 0.5846685134754437,
    "max": 1.0
  },
  "min_user_satisfaction": {
    "mean": 0.7576421872791382,
    "std": 0.12471229027025298,
    "min": 0.39675324675324675,
    "max": 1.0
  },
  "power_tracker_violation": {
    "mean": 9.443031091864855,
    "std": 8.251408166687291,
    "min": 0.0,
    "max": 30.580104454258397
  },
  "tracking_error": {
    "mean": 12388.319667151947,
    "std": 14948.911937385452,
    "min": 125.68006499085146,
    "max": 83002.43291168226
  },
  "energy_tracking_error": {
    "mean": 166.99650236219912,
    "std": 85.82914348770426,
    "min": 12.186326043507494,
    "max": 412.45739603704305
  },
  "total_transformer_overload": {
    "mean": 0.0,
    "std": 0.0,
    "min": 0.0,
    "max": 0.0
  },
  "battery_degradation": {
    "mean": 0.00021464582268519318,
    "std": 0.0001156684045278273,
    "min": 1.9506615710627224e-05,
    "max": 0.0005013389032574076
  },
  "exec_time_per_step": {
    "mean": 0.018279645597018924,
    "std": 0.0005441132528314864,
    "min": 0.01735188445309177,
    "max": 0.02056567919983839
  },
  "opt_total_reward": {
    "mean": -100.7490402643937,
    "std": 197.0711599504575,
    "min": -1034.713148928031,
    "max": -0.18801250181205606
  },
  "opt_total_profits": {
    "mean": -0.05734142375659904,
    "std": 0.03821529823272145,
    "min": -0.1715042952401475,
    "max": 0.0
  },
  "opt_tracking_error": {
    "mean": 13418.211537313964,
    "std": 15619.951458717165,
    "min": 76.92238263086377,
    "max": 76814.1584311513
  },
  "opt_actual_tracking_error": {
    "mean": 152.3905504132604,
    "std": 84.26204084025514,
    "min": 9.294077571684284,
    "max": 404.79348026253655
  },
  "opt_power_tracker_violation": {
    "mean": 0.008652188406370623,
    "std": 0.03411568829533836,
    "min": 0.0,
    "max": 0.18629444156137231
  },
  "opt_energy_user_satisfaction": {
    "mean": 80.1131536643658,
    "std": 1.7907120309243092,
    "min": 78.50336909467345,
    "max": 90.43478260869566
  },
  "opt_average_user_satisfaction": {
    "mean": 0.9903120029146735,
    "std": 0.0052423053242850425,
    "min": 0.9731981688944112,
    "max": 1.0
  },
  "opt_min_user_satisfaction": {
    "mean": 0.9748204334784816,
    "std": 0.020109460763640334,
    "min": 0.8639610389610389,
    "max": 1.0
  },
  "opt_total_energy_charged": {
    "mean": 149.7379792072719,
    "std": 86.34878501966729,
    "min": 0.0,
    "max": 357.11418786398474
  },
  "opt_total_energy_discharged": {
    "mean": 58.455995414284715,
    "std": 49.66038774299059,
    "min": 0.0,
    "max": 205.32671630303145
  },
  "opt_total_transformer_overload": {
    "mean": 0.0,
    "std": 0.0,
    "min": 0.0,
    "max": 0.0
  },
  "optimality_gap_pct": {
    "mean": -4179.3889882269195
  }
}