{
  "total_reward": {
    "mean": -10378.067323081294,
    "std": 9837.463111276442,
    "min": -46015.017554089725,
    "max": -331.4753119652462
  },
  "total_profits": {
    "mean": -0.03495573467251353,
    "std": 0.02514797618742929,
    "min": -0.09772615390307758,
    "max": 0.003830308335966563
  },
  "total_energy_charged": {
    "mean": 57.47662546368503,
    "std": 38.24213645253986,
    "min": 1.8108264343960312,
    "max": 149.43142793223313
  },
  "total_energy_discharged": {
    "mean": 5.768445722530576,
    "std": 5.115423003056247,
    "min": 0.0,
    "max": 24.41560272162602
  },
  "average_user_satisfaction": {
    "mean": 0.8208933235961398,
    "std": 0.0851493153755683,
    "min": 0.6252173913043478,
    "max": 0.991426282051282
  },
  "min_user_satisfaction": {
    "mean": 0.5997496830759957,
    "std": 0.18419391111326072,
    "min": 0.29195652173913045,
    "max": 0.9742788461538462
  },
  "power_tracker_violation": {
    "mean": 2.0767208734661797,
    "std": 2.0853718415788185,
    "min": 0.0,
    "max": 11.401424779145806
  },
  "tracking_error": {
    "mean": 14704.94736732146,
    "std": 13143.399271238,
    "min": 448.2509071022941,
    "max": 50183.67699659513
  },
  "energy_tracking_error": {
    "mean": 181.62708861212636,
    "std": 96.33654597295345,
    "min": 36.779587521124235,
    "max": 416.68937598071125
  },
  "total_transformer_overload": {
    "mean": 0.0,
    "std": 0.0,
    "min": 0.0,
    "max": 0.0
  },
  "battery_degradation": {
    "mean": 0.00014092441404777044,
    "std": 8.274798258705613e-05,
    "min": 2.2494056881698765e-05,
    "max": 0.0003643210677040342
  },
  "exec_time_per_step": {
    "mean": 0.017425015423602114,
    "std": 0.0006440407023895181,
    "min": 0.016809030377771705,
    "max": 0.020803621077599626
  },
  "opt_total_reward": {
    "mean": -60.93177650904956,
    "std": 141.89619021118165,
    "min": -959.0415469128404,
    "max": -0.42376056940110046
  },
  "opt_total_profits": {
    "mean": -0.05672719940160691,
    "std": 0.03765065852126226,
    "min": -0.16148570326025058,
    "max": -0.003552162862611945
  },
  "opt_tracking_error": {
    "mean": 12074.615033627711,
    "std": 10371.69980696037,
    "min": 422.1165718697948,
    "max": 49031.24715959474
  },
  "opt_actual_tracking_error": {
    "mean": 141.08939434846081,
    "std": 73.64510831453342,
    "min": 31.341639590446864,
    "max": 300.2705986996293
  },
  "opt_power_tracker_violation": {
    "mean": 0.01269749309647878,
    "std": 0.06219985823444736,
    "min": 0.0,
    "max": 0.3479553667872626
  },
  "opt_energy_user_satisfaction": {
    "mean": 79.69428648155264,
    "std": 0.8801321924037289,
    "min": 77.98884096413332,
    "max": 82.85653469561515
  },
  "opt_average_user_satisfaction": {
    "mean": 0.9908517433473725,
    "std": 0.004712176964453395,
    "min": 0.9748605120516665,
    "max": 1.0
  },
  "opt_min_user_satisfaction": {
    "mean": 0.9762334707626675,
    "std": 0.021030465241514116,
    "min": 0.8435064935064935,
    "max": 1.0
  },
  "opt_total_energy_charged": {
    "mean": 141.2023567736147,
    "std": 97.9571325548543,
    "min": 7.487156810487663,
    "max": 366.39743248278296
  },
  "opt_total_energy_discharged": {
    "mean": 49.988494458979524,
    "std": 51.93689057259549,
    "min": 0.0,
    "max": 218.35875790609856
  },
  "opt_total_transformer_overload": {
    "mean": 0.0,
    "std": 0.0,
    "min": 0.0,
    "max": 0.0
  },
  "optimality_gap_pct": {
    "mean": -16932.274320017485
  }
}