{
  "total_reward": {
    "mean": -4573.610516593287,
    "std": 3691.7775866627835,
    "min": -13608.917180420553,
    "max": -308.8293013123299
  },
  "total_profits": {
    "mean": -0.04789955038602814,
    "std": 0.03480007117401339,
    "min": -0.1552773269261429,
    "max": -0.0008655175553649893
  },
  "total_energy_charged": {
    "mean": 78.99707466418313,
    "std": 49.97365796383091,
    "min": 8.836653335042215,
    "max": 198.14483934310036
  },
  "total_energy_discharged": {
    "mean": 10.424592239512068,
    "std": 10.399620442293235,
    "min": 0.07856316432968913,
    "max": 47.10837543143056
  },
  "average_user_satisfaction": {
    "mean": 0.8984809260507854,
    "std": 0.05737843834999289,
    "min": 0.7639767616191904,
    "max": 1.0
  },
  "min_user_satisfaction": {
    "mean": 0.7395448985075426,
    "std": 0.13812994350728006,
    "min": 0.413961038961039,
    "max": 1.0
  },
  "power_tracker_violation": {
    "mean": 3.970480970428997,
    "std": 4.151144421977052,
    "min": 0.0,
    "max": 23.683748540501217
  },
  "tracking_error": {
    "mean": 11417.029292139621,
    "std": 10835.124480109882,
    "min": 974.5826601013401,
    "max": 55198.04618878769
  },
  "energy_tracking_error": {
    "mean": 161.87317849766126,
    "std": 82.96000780281967,
    "min": 33.30464302801048,
    "max": 419.5645012372045
  },
  "total_transformer_overload": {
    "mean": 0.0,
    "std": 0.0,
    "min": 0.0,
    "max": 0.0
  },
  "battery_degradation": {
    "mean": 0.0001827574271951927,
    "std": 0.00010320686476840447,
    "min": 1.9648925309869808e-05,
    "max": 0.0004059420694512232
  },
  "exec_time_per_step": {
    "mean": 0.017730563008226456,
    "std": 0.00038694792776683044,
    "min": 0.017155939247459173,
    "max": 0.01988130167592317
  },
  "opt_total_reward": {
    "mean": -105.16510439536107,
    "std": 306.72939424075946,
    "min": -1958.5677258626545,
    "max": -0.04764783881208314
  },
  "opt_total_profits": {
    "mean": -0.05421901118546939,
    "std": 0.03953282768752611,
    "min": -0.18796814328722775,
    "max": -0.0008771848436541869
  },
  "opt_tracking_error": {
    "mean": 11371.239517797252,
    "std": 11952.213742452946,
    "min": 1185.8528629168472,
    "max": 56095.12229798284
  },
  "opt_actual_tracking_error": {
    "mean": 141.13234791890116,
    "std": 75.02602470804398,
    "min": 31.342060558859355,
    "max": 377.31333252615605
  },
  "opt_power_tracker_violation": {
    "mean": 0.001706453841755593,
    "std": 0.011336097192157847,
    "min": 0.0,
    "max": 0.08094302129884401
  },
  "opt_energy_user_satisfaction": {
    "mean": 80.07999166603162,
    "std": 1.458460677623083,
    "min": 78.93430482323177,
    "max": 87.25013631577069
  },
  "opt_average_user_satisfaction": {
    "mean": 0.9912535177857207,
    "std": 0.005801821050440177,
    "min": 0.9620227832512315,
    "max": 1.0
  },
  "opt_min_user_satisfaction": {
    "mean": 0.9762715610054535,
    "std": 0.02009460093867701,
    "min": 0.8571428571428571,
    "max": 1.0
  },
  "opt_total_energy_charged": {
    "mean": 139.42054504201403,
    "std": 88.48537317731483,
    "min": 11.150907903856023,
    "max": 337.843678739043
  },
  "opt_total_energy_discharged": {
    "mean": 52.09161929687647,
    "std": 47.93207205200214,
    "min": 0.0,
    "max": 193.41238646660656
  },
  "opt_total_transformer_overload": {
    "mean": 0.0,
    "std": 0.0,
    "min": 0.0,
    "max": 0.0
  },
  "optimality_gap_pct": {
    "mean": -4248.981102513918
  }
}