{
  "total_reward": {
    "mean": -3407.179833659355,
    "std": 2806.419165834403,
    "min": -12142.05135661802,
    "max": -138.1601797398722
  },
  "total_profits": {
    "mean": -0.04712666013544065,
    "std": 0.03755678555131026,
    "min": -0.1509507751792706,
    "max": 0.018095697557344425
  },
  "total_energy_charged": {
    "mean": 77.75013660141657,
    "std": 51.374916268543814,
    "min": 8.626149710219556,
    "max": 200.64241051369885
  },
  "total_energy_discharged": {
    "mean": 10.382383977794658,
    "std": 10.879548056343882,
    "min": 0.0,
    "max": 46.52078270440732
  },
  "average_user_satisfaction": {
    "mean": 0.9042952816736277,
    "std": 0.04403274148538902,
    "min": 0.766810344827586,
    "max": 0.9745652173913043
  },
  "min_user_satisfaction": {
    "mean": 0.755305137621098,
    "std": 0.11051727034197396,
    "min": 0.5243478260869565,
    "max": 0.9252173913043479
  },
  "power_tracker_violation": {
    "mean": 3.9293002699921904,
    "std": 5.828660708397346,
    "min": 0.0,
    "max": 37.61218735887051
  },
  "tracking_error": {
    "mean": 11205.185453421238,
    "std": 10723.704837425854,
    "min": 1286.4482434424929,
    "max": 51950.91690114161
  },
  "energy_tracking_error": {
    "mean": 163.05731794849203,
    "std": 81.99460534523747,
    "min": 38.556026380297595,
    "max": 409.8202623080526
  },
  "total_transformer_overload": {
    "mean": 0.0,
    "std": 0.0,
    "min": 0.0,
    "max": 0.0
  },
  "battery_degradation": {
    "mean": 0.00018128763863570777,
    "std": 0.00010034492864040866,
    "min": 1.9273631259883026e-05,
    "max": 0.00042227829110400174
  },
  "exec_time_per_step": {
    "mean": 0.01964366167744932,
    "std": 0.0010320729366098767,
    "min": 0.017996324148649972,
    "max": 0.023399916050645213
  },
  "opt_total_reward": {
    "mean": -105.16510439536107,
    "std": 306.72939424075946,
    "min": -1958.5677258626545,
    "max": -0.04764783881208314
  },
  "opt_total_profits": {
    "mean": -0.05421901118546939,
    "std": 0.03953282768752611,
    "min": -0.18796814328722775,
    "max": -0.0008771848436541869
  },
  "opt_tracking_error": {
    "mean": 11371.239517797252,
    "std": 11952.213742452946,
    "min": 1185.8528629168472,
    "max": 56095.12229798284
  },
  "opt_actual_tracking_error": {
    "mean": 141.13234791890116,
    "std": 75.02602470804398,
    "min": 31.342060558859355,
    "max": 377.31333252615605
  },
  "opt_power_tracker_violation": {
    "mean": 0.001706453841755593,
    "std": 0.011336097192157847,
    "min": 0.0,
    "max": 0.08094302129884401
  },
  "opt_energy_user_satisfaction": {
    "mean": 80.07999166603162,
    "std": 1.458460677623083,
    "min": 78.93430482323177,
    "max": 87.25013631577069
  },
  "opt_average_user_satisfaction": {
    "mean": 0.9912535177857207,
    "std": 0.005801821050440177,
    "min": 0.9620227832512315,
    "max": 1.0
  },
  "opt_min_user_satisfaction": {
    "mean": 0.9762715610054535,
    "std": 0.02009460093867701,
    "min": 0.8571428571428571,
    "max": 1.0
  },
  "opt_total_energy_charged": {
    "mean": 139.42054504201403,
    "std": 88.48537317731483,
    "min": 11.150907903856023,
    "max": 337.843678739043
  },
  "opt_total_energy_discharged": {
    "mean": 52.09161929687647,
    "std": 47.93207205200214,
    "min": 0.0,
    "max": 193.41238646660656
  },
  "opt_total_transformer_overload": {
    "mean": 0.0,
    "std": 0.0,
    "min": 0.0,
    "max": 0.0
  },
  "optimality_gap_pct": {
    "mean": -3139.8387785080245
  }
}