{
  "total_reward": {
    "mean": -4982.187701364397,
    "std": 3155.0702825424537,
    "min": -14504.92185963742,
    "max": -299.30603860437003
  },
  "total_profits": {
    "mean": -0.04952209592335908,
    "std": 0.033931704196339674,
    "min": -0.14673125468124817,
    "max": 0.0011364446347307997
  },
  "total_energy_charged": {
    "mean": 81.80356001268818,
    "std": 46.166807198003966,
    "min": 0.8850996815277985,
    "max": 211.1309716919872
  },
  "total_energy_discharged": {
    "mean": 10.845448444430058,
    "std": 10.1789830953332,
    "min": 0.21133937981238732,
    "max": 48.85068177755397
  },
  "average_user_satisfaction": {
    "mean": 0.8848944430689307,
    "std": 0.07076324792952018,
    "min": 0.6097750962531693,
    "max": 1.0
  },
  "min_user_satisfaction": {
    "mean": 0.7085734654899742,
    "std": 0.11577766385139558,
    "min": 0.47167968749999994,
    "max": 1.0
  },
  "power_tracker_violation": {
    "mean": 4.597983992684728,
    "std": 3.5436741392799114,
    "min": 0.0,
    "max": 15.174281080068626
  },
  "tracking_error": {
    "mean": 13952.562520311669,
    "std": 17167.604195185413,
    "min": 96.38108173687823,
    "max": 98284.36106601023
  },
  "energy_tracking_error": {
    "mean": 175.0090885401287,
    "std": 92.65238969398037,
    "min": 10.933839158508022,
    "max": 447.4355307764511
  },
  "total_transformer_overload": {
    "mean": 0.0,
    "std": 0.0,
    "min": 0.0,
    "max": 0.0
  },
  "battery_degradation": {
    "mean": 0.0001872978754292335,
    "std": 9.779544746013114e-05,
    "min": 1.838546330726642e-05,
    "max": 0.0004382911605217782
  },
  "exec_time_per_step": {
    "mean": 0.01723374560746985,
    "std": 0.0003618583123497317,
    "min": 0.016754101340969402,
    "max": 0.019036570137056213
  },
  "opt_total_reward": {
    "mean": -100.7490402643937,
    "std": 197.0711599504575,
    "min": -1034.713148928031,
    "max": -0.18801250181205606
  },
  "opt_total_profits": {
    "mean": -0.05734142375659904,
    "std": 0.03821529823272145,
    "min": -0.1715042952401475,
    "max": 0.0
  },
  "opt_tracking_error": {
    "mean": 13418.211537313964,
    "std": 15619.951458717165,
    "min": 76.92238263086377,
    "max": 76814.1584311513
  },
  "opt_actual_tracking_error": {
    "mean": 152.3905504132604,
    "std": 84.26204084025514,
    "min": 9.294077571684284,
    "max": 404.79348026253655
  },
  "opt_power_tracker_violation": {
    "mean": 0.008652188406370623,
    "std": 0.03411568829533836,
    "min": 0.0,
    "max": 0.18629444156137231
  },
  "opt_energy_user_satisfaction": {
    "mean": 80.1131536643658,
    "std": 1.7907120309243092,
    "min": 78.50336909467345,
    "max": 90.43478260869566
  },
  "opt_average_user_satisfaction": {
    "mean": 0.9903120029146735,
    "std": 0.0052423053242850425,
    "min": 0.9731981688944112,
    "max": 1.0
  },
  "opt_min_user_satisfaction": {
    "mean": 0.9748204334784816,
    "std": 0.020109460763640334,
    "min": 0.8639610389610389,
    "max": 1.0
  },
  "opt_total_energy_charged": {
    "mean": 149.7379792072719,
    "std": 86.34878501966729,
    "min": 0.0,
    "max": 357.11418786398474
  },
  "opt_total_energy_discharged": {
    "mean": 58.455995414284715,
    "std": 49.66038774299059,
    "min": 0.0,
    "max": 205.32671630303145
  },
  "opt_total_transformer_overload": {
    "mean": 0.0,
    "std": 0.0,
    "min": 0.0,
    "max": 0.0
  },
  "optimality_gap_pct": {
    "mean": -4845.146562478155
  }
}