{
  "total_reward": {
    "mean": -4123.267728322392,
    "std": 2746.537078500407,
    "min": -10933.739250565324,
    "max": -53.00229500488322
  },
  "total_profits": {
    "mean": -0.06482977569193754,
    "std": 0.05033232361071119,
    "min": -0.21166865236824384,
    "max": -0.0012170513296105032
  },
  "total_energy_charged": {
    "mean": 98.7764007034404,
    "std": 76.48770444337511,
    "min": 2.5146757013871492,
    "max": 327.5249270249206
  },
  "total_energy_discharged": {
    "mean": 12.847583778921539,
    "std": 13.522381508443189,
    "min": 0.057242809386857,
    "max": 55.34789012514349
  },
  "average_user_satisfaction": {
    "mean": 0.9022144170237566,
    "std": 0.09612751865943077,
    "min": 0.5791314799331103,
    "max": 1.0
  },
  "min_user_satisfaction": {
    "mean": 0.7580051290524947,
    "std": 0.14293570661281607,
    "min": 0.4259259259259259,
    "max": 1.0
  },
  "power_tracker_violation": {
    "mean": 7.288917385467003,
    "std": 6.958459271341001,
    "min": 0.0,
    "max": 29.854223625774456
  },
  "tracking_error": {
    "mean": 11433.174475820613,
    "std": 10941.160416465465,
    "min": 161.95849652420793,
    "max": 42121.55791176037
  },
  "energy_tracking_error": {
    "mean": 156.77091843238154,
    "std": 84.92395411363255,
    "min": 13.406383383391088,
    "max": 369.9632823705692
  },
  "total_transformer_overload": {
    "mean": 0.0,
    "std": 0.0,
    "min": 0.0,
    "max": 0.0
  },
  "battery_degradation": {
    "mean": 0.00021219085264755362,
    "std": 0.00016034983372261466,
    "min": 1.7530118317953376e-05,
    "max": 0.0006899716782640149
  },
  "exec_time_per_step": {
    "mean": 0.018436277471870807,
    "std": 0.0014384719790298721,
    "min": 0.01730930058207984,
    "max": 0.026909059185224276
  },
  "opt_total_reward": {
    "mean": -61.34316929831366,
    "std": 189.77096134280652,
    "min": -1331.3150711933067,
    "max": -1.4776441343266648e-05
  },
  "opt_total_profits": {
    "mean": -0.06134743861018415,
    "std": 0.04204452790669314,
    "min": -0.18594010177005832,
    "max": -1.4776441343266648e-05
  },
  "opt_tracking_error": {
    "mean": 12989.73515999199,
    "std": 12805.27864611762,
    "min": 201.0137149785163,
    "max": 49033.46543293001
  },
  "opt_actual_tracking_error": {
    "mean": 144.0934100799251,
    "std": 89.84415087963977,
    "min": 14.56470818570309,
    "max": 392.51165196657786
  },
  "opt_power_tracker_violation": {
    "mean": 5.018597034123218e-06,
    "std": 3.003044742923421e-05,
    "min": 0.0,
    "max": 0.00021168501983037658
  },
  "opt_energy_user_satisfaction": {
    "mean": 79.98372862654519,
    "std": 1.2020719333520056,
    "min": 78.61260110685399,
    "max": 86.76613086362802
  },
  "opt_average_user_satisfaction": {
    "mean": 0.9921940777164852,
    "std": 0.004330583240484437,
    "min": 0.9826575138356747,
    "max": 1.0
  },
  "opt_min_user_satisfaction": {
    "mean": 0.9804948168139488,
    "std": 0.009914825268264312,
    "min": 0.965,
    "max": 1.0
  },
  "opt_total_energy_charged": {
    "mean": 147.53649066803055,
    "std": 105.68494160153253,
    "min": 0.03904979213336852,
    "max": 542.2178020903581
  },
  "opt_total_energy_discharged": {
    "mean": 52.57462157449026,
    "std": 53.363277209462495,
    "min": 0.0,
    "max": 264.3562003374698
  },
  "opt_total_transformer_overload": {
    "mean": 0.0,
    "std": 0.0,
    "min": 0.0,
    "max": 0.0
  },
  "optimality_gap_pct": {
    "mean": -6621.641179429153
  }
}