{
  "total_reward": {
    "mean": -4803.070481454205,
    "std": 3669.0465162194064,
    "min": -14703.920410730389,
    "max": -91.9467843172138
  },
  "total_profits": {
    "mean": -0.053493664432509004,
    "std": 0.03924328116774018,
    "min": -0.18531516713702303,
    "max": -0.0020455508392755906
  },
  "total_energy_charged": {
    "mean": 84.43159734445436,
    "std": 61.22305630617422,
    "min": 2.502159035464774,
    "max": 276.0308773422975
  },
  "total_energy_discharged": {
    "mean": 10.023899001760146,
    "std": 9.894856959848605,
    "min": 0.05974652658054363,
    "max": 46.67331439350768
  },
  "average_user_satisfaction": {
    "mean": 0.8817071436026886,
    "std": 0.08267753264635967,
    "min": 0.6210673569465267,
    "max": 1.0
  },
  "min_user_satisfaction": {
    "mean": 0.7263418511254329,
    "std": 0.1258637496229462,
    "min": 0.4151234567901234,
    "max": 1.0
  },
  "power_tracker_violation": {
    "mean": 4.231890677897713,
    "std": 5.050357193841799,
    "min": 0.0,
    "max": 27.160632449144813
  },
  "tracking_error": {
    "mean": 13190.51413630172,
    "std": 13034.24364630004,
    "min": 149.90025405200316,
    "max": 55665.824687969594
  },
  "energy_tracking_error": {
    "mean": 166.76352366042153,
    "std": 97.11856342732979,
    "min": 12.413190108938242,
    "max": 418.9396461848098
  },
  "total_transformer_overload": {
    "mean": 0.0,
    "std": 0.0,
    "min": 0.0,
    "max": 0.0
  },
  "battery_degradation": {
    "mean": 0.0001831628573646454,
    "std": 0.00012934273954095938,
    "min": 1.6797724351282557e-05,
    "max": 0.0005733935720811851
  },
  "exec_time_per_step": {
    "mean": 0.017373266227853797,
    "std": 0.0003098709857190624,
    "min": 0.01699000761921828,
    "max": 0.019223268939337384
  },
  "opt_total_reward": {
    "mean": -61.34316929831366,
    "std": 189.77096134280652,
    "min": -1331.3150711933067,
    "max": -1.4776441343266648e-05
  },
  "opt_total_profits": {
    "mean": -0.06134743861018415,
    "std": 0.04204452790669314,
    "min": -0.18594010177005832,
    "max": -1.4776441343266648e-05
  },
  "opt_tracking_error": {
    "mean": 12989.73515999199,
    "std": 12805.27864611762,
    "min": 201.0137149785163,
    "max": 49033.46543293001
  },
  "opt_actual_tracking_error": {
    "mean": 144.0934100799251,
    "std": 89.84415087963977,
    "min": 14.56470818570309,
    "max": 392.51165196657786
  },
  "opt_power_tracker_violation": {
    "mean": 5.018597034123218e-06,
    "std": 3.003044742923421e-05,
    "min": 0.0,
    "max": 0.00021168501983037658
  },
  "opt_energy_user_satisfaction": {
    "mean": 79.98372862654519,
    "std": 1.2020719333520056,
    "min": 78.61260110685399,
    "max": 86.76613086362802
  },
  "opt_average_user_satisfaction": {
    "mean": 0.9921940777164852,
    "std": 0.004330583240484437,
    "min": 0.9826575138356747,
    "max": 1.0
  },
  "opt_min_user_satisfaction": {
    "mean": 0.9804948168139488,
    "std": 0.009914825268264312,
    "min": 0.965,
    "max": 1.0
  },
  "opt_total_energy_charged": {
    "mean": 147.53649066803055,
    "std": 105.68494160153253,
    "min": 0.03904979213336852,
    "max": 542.2178020903581
  },
  "opt_total_energy_discharged": {
    "mean": 52.57462157449026,
    "std": 53.363277209462495,
    "min": 0.0,
    "max": 264.3562003374698
  },
  "opt_total_transformer_overload": {
    "mean": 0.0,
    "std": 0.0,
    "min": 0.0,
    "max": 0.0
  },
  "optimality_gap_pct": {
    "mean": -7729.837513116953
  }
}