{
  "total_reward": {
    "mean": -7814.488052769323,
    "std": 6920.919456957255,
    "min": -26755.892325512243,
    "max": -199.77422102095284
  },
  "total_profits": {
    "mean": -0.05593252538358222,
    "std": 0.03944045338221046,
    "min": -0.190461676182924,
    "max": -0.0003053041924628837
  },
  "total_energy_charged": {
    "mean": 80.83179126775033,
    "std": 56.966577356379204,
    "min": 1.4543866095467808,
    "max": 265.86165309880397
  },
  "total_energy_discharged": {
    "mean": 2.104741775407831,
    "std": 3.0745320152583404,
    "min": 0.0,
    "max": 14.15729359675121
  },
  "average_user_satisfaction": {
    "mean": 0.8765435542257357,
    "std": 0.06978683680382554,
    "min": 0.7015764687100893,
    "max": 1.0
  },
  "min_user_satisfaction": {
    "mean": 0.6750488898230526,
    "std": 0.15618527066871082,
    "min": 0.4300324675324675,
    "max": 1.0
  },
  "power_tracker_violation": {
    "mean": 4.60763400243938,
    "std": 3.878487727260892,
    "min": 0.3073960650275751,
    "max": 21.83526984763425
  },
  "tracking_error": {
    "mean": 12974.34166113897,
    "std": 13427.432019630283,
    "min": 190.2572446979108,
    "max": 54774.906491010624
  },
  "energy_tracking_error": {
    "mean": 162.63204417304408,
    "std": 95.2117773322559,
    "min": 14.89207217433765,
    "max": 407.0744030231867
  },
  "total_transformer_overload": {
    "mean": 0.0,
    "std": 0.0,
    "min": 0.0,
    "max": 0.0
  },
  "battery_degradation": {
    "mean": 0.0001706604310924577,
    "std": 0.00011522855399610464,
    "min": 1.628737333465075e-05,
    "max": 0.0005394911770134338
  },
  "exec_time_per_step": {
    "mean": 0.01801159455363328,
    "std": 0.0033087618287046144,
    "min": 0.01650128560140729,
    "max": 0.03470581894119581
  },
  "opt_total_reward": {
    "mean": -61.34316929831366,
    "std": 189.77096134280652,
    "min": -1331.3150711933067,
    "max": -1.4776441343266648e-05
  },
  "opt_total_profits": {
    "mean": -0.06134743861018415,
    "std": 0.04204452790669314,
    "min": -0.18594010177005832,
    "max": -1.4776441343266648e-05
  },
  "opt_tracking_error": {
    "mean": 12989.73515999199,
    "std": 12805.27864611762,
    "min": 201.0137149785163,
    "max": 49033.46543293001
  },
  "opt_actual_tracking_error": {
    "mean": 144.0934100799251,
    "std": 89.84415087963977,
    "min": 14.56470818570309,
    "max": 392.51165196657786
  },
  "opt_power_tracker_violation": {
    "mean": 5.018597034123218e-06,
    "std": 3.003044742923421e-05,
    "min": 0.0,
    "max": 0.00021168501983037658
  },
  "opt_energy_user_satisfaction": {
    "mean": 79.98372862654519,
    "std": 1.2020719333520056,
    "min": 78.61260110685399,
    "max": 86.76613086362802
  },
  "opt_average_user_satisfaction": {
    "mean": 0.9921940777164852,
    "std": 0.004330583240484437,
    "min": 0.9826575138356747,
    "max": 1.0
  },
  "opt_min_user_satisfaction": {
    "mean": 0.9804948168139488,
    "std": 0.009914825268264312,
    "min": 0.965,
    "max": 1.0
  },
  "opt_total_energy_charged": {
    "mean": 147.53649066803055,
    "std": 105.68494160153253,
    "min": 0.03904979213336852,
    "max": 542.2178020903581
  },
  "opt_total_energy_discharged": {
    "mean": 52.57462157449026,
    "std": 53.363277209462495,
    "min": 0.0,
    "max": 264.3562003374698
  },
  "opt_total_transformer_overload": {
    "mean": 0.0,
    "std": 0.0,
    "min": 0.0,
    "max": 0.0
  },
  "optimality_gap_pct": {
    "mean": -12638.97019367753
  }
}