{
  "total_reward": {
    "mean": -4012.9582796110612,
    "std": 3514.0354565606663,
    "min": -17380.656261972606,
    "max": -51.988627464930374
  },
  "total_profits": {
    "mean": -0.05249805832027752,
    "std": 0.03536815516646511,
    "min": -0.12617635383558773,
    "max": -0.0033586730353063064
  },
  "total_energy_charged": {
    "mean": 83.6575308444495,
    "std": 54.881262814165574,
    "min": 7.009858385163672,
    "max": 194.62027929066468
  },
  "total_energy_discharged": {
    "mean": 9.833828694250638,
    "std": 10.06791931741052,
    "min": 0.13812343013162848,
    "max": 36.68281900346355
  },
  "average_user_satisfaction": {
    "mean": 0.8975037696003361,
    "std": 0.06780317031125375,
    "min": 0.7461377258901414,
    "max": 1.0
  },
  "min_user_satisfaction": {
    "mean": 0.7615062651625775,
    "std": 0.13452090610578088,
    "min": 0.4791304347826087,
    "max": 1.0
  },
  "power_tracker_violation": {
    "mean": 4.062954015527407,
    "std": 4.577372051729503,
    "min": 0.0,
    "max": 21.563418785210008
  },
  "tracking_error": {
    "mean": 11514.877613047527,
    "std": 9502.042664952176,
    "min": 426.9668921355508,
    "max": 42061.57594581103
  },
  "energy_tracking_error": {
    "mean": 160.50468277411258,
    "std": 80.89889214070591,
    "min": 35.196699431117544,
    "max": 324.83850477563374
  },
  "total_transformer_overload": {
    "mean": 0.0,
    "std": 0.0,
    "min": 0.0,
    "max": 0.0
  },
  "battery_degradation": {
    "mean": 0.00018544277910521818,
    "std": 0.00011545666223488927,
    "min": 1.867851757667557e-05,
    "max": 0.0004172511404580416
  },
  "exec_time_per_step": {
    "mean": 0.01727549161335143,
    "std": 0.0005398716483263613,
    "min": 0.016740024380851537,
    "max": 0.02006766591997196
  },
  "opt_total_reward": {
    "mean": -60.93177650904956,
    "std": 141.89619021118165,
    "min": -959.0415469128404,
    "max": -0.42376056940110046
  },
  "opt_total_profits": {
    "mean": -0.05672719940160691,
    "std": 0.03765065852126226,
    "min": -0.16148570326025058,
    "max": -0.003552162862611945
  },
  "opt_tracking_error": {
    "mean": 12074.615033627711,
    "std": 10371.69980696037,
    "min": 422.1165718697948,
    "max": 49031.24715959474
  },
  "opt_actual_tracking_error": {
    "mean": 141.08939434846081,
    "std": 73.64510831453342,
    "min": 31.341639590446864,
    "max": 300.2705986996293
  },
  "opt_power_tracker_violation": {
    "mean": 0.01269749309647878,
    "std": 0.06219985823444736,
    "min": 0.0,
    "max": 0.3479553667872626
  },
  "opt_energy_user_satisfaction": {
    "mean": 79.69428648155264,
    "std": 0.8801321924037289,
    "min": 77.98884096413332,
    "max": 82.85653469561515
  },
  "opt_average_user_satisfaction": {
    "mean": 0.9908517433473725,
    "std": 0.004712176964453395,
    "min": 0.9748605120516665,
    "max": 1.0
  },
  "opt_min_user_satisfaction": {
    "mean": 0.9762334707626675,
    "std": 0.021030465241514116,
    "min": 0.8435064935064935,
    "max": 1.0
  },
  "opt_total_energy_charged": {
    "mean": 141.2023567736147,
    "std": 97.9571325548543,
    "min": 7.487156810487663,
    "max": 366.39743248278296
  },
  "opt_total_energy_discharged": {
    "mean": 49.988494458979524,
    "std": 51.93689057259549,
    "min": 0.0,
    "max": 218.35875790609856
  },
  "opt_total_transformer_overload": {
    "mean": 0.0,
    "std": 0.0,
    "min": 0.0,
    "max": 0.0
  },
  "optimality_gap_pct": {
    "mean": -6485.986015055803
  }
}