{
  "total_reward": {
    "mean": -2480.8315233115545,
    "std": 2017.2214460431233,
    "min": -9248.411526865928,
    "max": -110.81503675564343
  },
  "total_profits": {
    "mean": -0.056047965572632384,
    "std": 0.03699111356012337,
    "min": -0.1463311495898266,
    "max": -0.001038753125543834
  },
  "total_energy_charged": {
    "mean": 92.38357518302345,
    "std": 60.64563245236073,
    "min": 5.507604518738162,
    "max": 221.04654732809053
  },
  "total_energy_discharged": {
    "mean": 11.542167166061192,
    "std": 11.59217709327718,
    "min": 0.0,
    "max": 46.84882313520763
  },
  "average_user_satisfaction": {
    "mean": 0.9247644749291826,
    "std": 0.055954341223599144,
    "min": 0.6360869565217392,
    "max": 1.0
  },
  "min_user_satisfaction": {
    "mean": 0.8115426386345967,
    "std": 0.10320715574383807,
    "min": 0.5719565217391304,
    "max": 1.0
  },
  "power_tracker_violation": {
    "mean": 4.2532003534598175,
    "std": 6.792020711333402,
    "min": 0.0,
    "max": 43.560460969331956
  },
  "tracking_error": {
    "mean": 11176.595974218073,
    "std": 10130.249490646042,
    "min": 324.4760409050223,
    "max": 48345.690301711984
  },
  "energy_tracking_error": {
    "mean": 153.58210007631538,
    "std": 77.44101162695947,
    "min": 29.479814284944304,
    "max": 314.89890443881137
  },
  "total_transformer_overload": {
    "mean": 0.0,
    "std": 0.0,
    "min": 0.0,
    "max": 0.0
  },
  "battery_degradation": {
    "mean": 0.00020463318535870862,
    "std": 0.00012845502255789203,
    "min": 2.350012284676265e-05,
    "max": 0.00047379383194388934
  },
  "exec_time_per_step": {
    "mean": 0.02021878634695895,
    "std": 0.0010606599581720554,
    "min": 0.018491160163345437,
    "max": 0.024411426663088303
  },
  "opt_total_reward": {
    "mean": -60.93177650904956,
    "std": 141.89619021118165,
    "min": -959.0415469128404,
    "max": -0.42376056940110046
  },
  "opt_total_profits": {
    "mean": -0.05672719940160691,
    "std": 0.03765065852126226,
    "min": -0.16148570326025058,
    "max": -0.003552162862611945
  },
  "opt_tracking_error": {
    "mean": 12074.615033627711,
    "std": 10371.69980696037,
    "min": 422.1165718697948,
    "max": 49031.24715959474
  },
  "opt_actual_tracking_error": {
    "mean": 141.08939434846081,
    "std": 73.64510831453342,
    "min": 31.341639590446864,
    "max": 300.2705986996293
  },
  "opt_power_tracker_violation": {
    "mean": 0.01269749309647878,
    "std": 0.06219985823444736,
    "min": 0.0,
    "max": 0.3479553667872626
  },
  "opt_energy_user_satisfaction": {
    "mean": 79.69428648155264,
    "std": 0.8801321924037289,
    "min": 77.98884096413332,
    "max": 82.85653469561515
  },
  "opt_average_user_satisfaction": {
    "mean": 0.9908517433473725,
    "std": 0.004712176964453395,
    "min": 0.9748605120516665,
    "max": 1.0
  },
  "opt_min_user_satisfaction": {
    "mean": 0.9762334707626675,
    "std": 0.021030465241514116,
    "min": 0.8435064935064935,
    "max": 1.0
  },
  "opt_total_energy_charged": {
    "mean": 141.2023567736147,
    "std": 97.9571325548543,
    "min": 7.487156810487663,
    "max": 366.39743248278296
  },
  "opt_total_energy_discharged": {
    "mean": 49.988494458979524,
    "std": 51.93689057259549,
    "min": 0.0,
    "max": 218.35875790609856
  },
  "opt_total_transformer_overload": {
    "mean": 0.0,
    "std": 0.0,
    "min": 0.0,
    "max": 0.0
  },
  "optimality_gap_pct": {
    "mean": -3971.490551310452
  }
}