{
  "total_reward": {
    "mean": -9889.814637795407,
    "std": 9239.460611556728,
    "min": -46995.498623086394,
    "max": -253.65998333641514
  },
  "total_profits": {
    "mean": -0.03381615408255946,
    "std": 0.030678714982896704,
    "min": -0.14140823841244393,
    "max": 0.007928793167818297
  },
  "total_energy_charged": {
    "mean": 58.37962062163158,
    "std": 40.62758308582454,
    "min": 4.593205799777602,
    "max": 190.0826240746635
  },
  "total_energy_discharged": {
    "mean": 6.986932623961675,
    "std": 4.998962520513741,
    "min": 0.02603757254277967,
    "max": 19.757301887202765
  },
  "average_user_satisfaction": {
    "mean": 0.8389815807920006,
    "std": 0.07892455108672912,
    "min": 0.6539065606635527,
    "max": 0.9789192061123405
  },
  "min_user_satisfaction": {
    "mean": 0.607496853471133,
    "std": 0.18987730982833534,
    "min": 0.22775974025974025,
    "max": 0.9634782608695652
  },
  "power_tracker_violation": {
    "mean": 2.7639670164132366,
    "std": 2.827827637018399,
    "min": 0.0,
    "max": 12.523776674969342
  },
  "tracking_error": {
    "mean": 13250.307789051534,
    "std": 11785.329610420684,
    "min": 1045.3499679812196,
    "max": 59196.29492572046
  },
  "energy_tracking_error": {
    "mean": 178.44971594765454,
    "std": 89.65952826725373,
    "min": 33.66593989305254,
    "max": 405.13274274246083
  },
  "total_transformer_overload": {
    "mean": 0.0,
    "std": 0.0,
    "min": 0.0,
    "max": 0.0
  },
  "battery_degradation": {
    "mean": 0.0001473648461123931,
    "std": 8.077398501298594e-05,
    "min": 1.945354707224349e-05,
    "max": 0.00037764331288797615
  },
  "exec_time_per_step": {
    "mean": 0.01797190887426647,
    "std": 0.0020253427467084753,
    "min": 0.01651767627724136,
    "max": 0.02901513046041752
  },
  "opt_total_reward": {
    "mean": -105.16510439536107,
    "std": 306.72939424075946,
    "min": -1958.5677258626545,
    "max": -0.04764783881208314
  },
  "opt_total_profits": {
    "mean": -0.05421901118546939,
    "std": 0.03953282768752611,
    "min": -0.18796814328722775,
    "max": -0.0008771848436541869
  },
  "opt_tracking_error": {
    "mean": 11371.239517797252,
    "std": 11952.213742452946,
    "min": 1185.8528629168472,
    "max": 56095.12229798284
  },
  "opt_actual_tracking_error": {
    "mean": 141.13234791890116,
    "std": 75.02602470804398,
    "min": 31.342060558859355,
    "max": 377.31333252615605
  },
  "opt_power_tracker_violation": {
    "mean": 0.001706453841755593,
    "std": 0.011336097192157847,
    "min": 0.0,
    "max": 0.08094302129884401
  },
  "opt_energy_user_satisfaction": {
    "mean": 80.07999166603162,
    "std": 1.458460677623083,
    "min": 78.93430482323177,
    "max": 87.25013631577069
  },
  "opt_average_user_satisfaction": {
    "mean": 0.9912535177857207,
    "std": 0.005801821050440177,
    "min": 0.9620227832512315,
    "max": 1.0
  },
  "opt_min_user_satisfaction": {
    "mean": 0.9762715610054535,
    "std": 0.02009460093867701,
    "min": 0.8571428571428571,
    "max": 1.0
  },
  "opt_total_energy_charged": {
    "mean": 139.42054504201403,
    "std": 88.48537317731483,
    "min": 11.150907903856023,
    "max": 337.843678739043
  },
  "opt_total_energy_discharged": {
    "mean": 52.09161929687647,
    "std": 47.93207205200214,
    "min": 0.0,
    "max": 193.41238646660656
  },
  "opt_total_transformer_overload": {
    "mean": 0.0,
    "std": 0.0,
    "min": 0.0,
    "max": 0.0
  },
  "optimality_gap_pct": {
    "mean": -9304.083887574838
  }
}