{
  "total_reward": {
    "mean": -3486.495190072322,
    "std": 2607.647448204086,
    "min": -13295.311127464203,
    "max": -40.410738812567395
  },
  "total_profits": {
    "mean": -0.04715619440148969,
    "std": 0.038132259890606715,
    "min": -0.14613160294415897,
    "max": 0.017034787515737584
  },
  "total_energy_charged": {
    "mean": 75.23391324079272,
    "std": 48.342544459094206,
    "min": 7.49518498091313,
    "max": 193.0572667135192
  },
  "total_energy_discharged": {
    "mean": 9.372997173205942,
    "std": 9.147648656589293,
    "min": 0.0,
    "max": 41.64476330297997
  },
  "average_user_satisfaction": {
    "mean": 0.8984335411841365,
    "std": 0.040057838533569555,
    "min": 0.7506465517241379,
    "max": 0.9733298494983277
  },
  "min_user_satisfaction": {
    "mean": 0.7593559331427666,
    "std": 0.08849349400590475,
    "min": 0.5464285714285714,
    "max": 0.956304347826087
  },
  "power_tracker_violation": {
    "mean": 3.27636213877919,
    "std": 2.9945083267644086,
    "min": 0.0,
    "max": 13.212178666206203
  },
  "tracking_error": {
    "mean": 11219.27300726244,
    "std": 10729.659403447904,
    "min": 1195.6140518490424,
    "max": 50668.38485544689
  },
  "energy_tracking_error": {
    "mean": 164.23768543892064,
    "std": 82.69004757051754,
    "min": 36.939155438952625,
    "max": 405.1907103065044
  },
  "total_transformer_overload": {
    "mean": 0.0,
    "std": 0.0,
    "min": 0.0,
    "max": 0.0
  },
  "battery_degradation": {
    "mean": 0.00017440885512897645,
    "std": 9.141407468604496e-05,
    "min": 1.980692276341665e-05,
    "max": 0.0003914362716998512
  },
  "exec_time_per_step": {
    "mean": 0.017554344231418027,
    "std": 0.0010685350669854925,
    "min": 0.016620057130542893,
    "max": 0.02196209446992725
  },
  "opt_total_reward": {
    "mean": -105.16510439536107,
    "std": 306.72939424075946,
    "min": -1958.5677258626545,
    "max": -0.04764783881208314
  },
  "opt_total_profits": {
    "mean": -0.05421901118546939,
    "std": 0.03953282768752611,
    "min": -0.18796814328722775,
    "max": -0.0008771848436541869
  },
  "opt_tracking_error": {
    "mean": 11371.239517797252,
    "std": 11952.213742452946,
    "min": 1185.8528629168472,
    "max": 56095.12229798284
  },
  "opt_actual_tracking_error": {
    "mean": 141.13234791890116,
    "std": 75.02602470804398,
    "min": 31.342060558859355,
    "max": 377.31333252615605
  },
  "opt_power_tracker_violation": {
    "mean": 0.001706453841755593,
    "std": 0.011336097192157847,
    "min": 0.0,
    "max": 0.08094302129884401
  },
  "opt_energy_user_satisfaction": {
    "mean": 80.07999166603162,
    "std": 1.458460677623083,
    "min": 78.93430482323177,
    "max": 87.25013631577069
  },
  "opt_average_user_satisfaction": {
    "mean": 0.9912535177857207,
    "std": 0.005801821050440177,
    "min": 0.9620227832512315,
    "max": 1.0
  },
  "opt_min_user_satisfaction": {
    "mean": 0.9762715610054535,
    "std": 0.02009460093867701,
    "min": 0.8571428571428571,
    "max": 1.0
  },
  "opt_total_energy_charged": {
    "mean": 139.42054504201403,
    "std": 88.48537317731483,
    "min": 11.150907903856023,
    "max": 337.843678739043
  },
  "opt_total_energy_discharged": {
    "mean": 52.09161929687647,
    "std": 47.93207205200214,
    "min": 0.0,
    "max": 193.41238646660656
  },
  "opt_total_transformer_overload": {
    "mean": 0.0,
    "std": 0.0,
    "min": 0.0,
    "max": 0.0
  },
  "optimality_gap_pct": {
    "mean": -3215.2586213056757
  }
}