{
  "total_reward": {
    "mean": -3073.716109546679,
    "std": 2310.8375126374913,
    "min": -9856.521103559135,
    "max": -22.065658340615396
  },
  "total_profits": {
    "mean": -0.05349943449346638,
    "std": 0.03725883207720861,
    "min": -0.1317201424524105,
    "max": 0.005976588953154231
  },
  "total_energy_charged": {
    "mean": 79.3896057227501,
    "std": 52.34648266439451,
    "min": 1.7131022802177451,
    "max": 191.7420333877066
  },
  "total_energy_discharged": {
    "mean": 7.192724554140297,
    "std": 7.382302917341916,
    "min": 0.0,
    "max": 32.17168156565597
  },
  "average_user_satisfaction": {
    "mean": 0.9016351992271465,
    "std": 0.04180410232283923,
    "min": 0.8154347826086956,
    "max": 0.9921474358974359
  },
  "min_user_satisfaction": {
    "mean": 0.781509764859125,
    "std": 0.09098090655981506,
    "min": 0.6121739130434782,
    "max": 0.9768518518518517
  },
  "power_tracker_violation": {
    "mean": 2.9262843011218407,
    "std": 3.6280298237286965,
    "min": 0.0,
    "max": 19.24597801463232
  },
  "tracking_error": {
    "mean": 11634.188993578313,
    "std": 9905.954021274285,
    "min": 371.12091205372826,
    "max": 43424.27016436475
  },
  "energy_tracking_error": {
    "mean": 161.56316889849884,
    "std": 80.73819888109836,
    "min": 32.40406579737647,
    "max": 325.73169195369803
  },
  "total_transformer_overload": {
    "mean": 0.0,
    "std": 0.0,
    "min": 0.0,
    "max": 0.0
  },
  "battery_degradation": {
    "mean": 0.00017524359206802647,
    "std": 0.00010513435623566068,
    "min": 2.4331847495066097e-05,
    "max": 0.00040479343802913355
  },
  "exec_time_per_step": {
    "mean": 0.017583912684349345,
    "std": 0.0021689037364169502,
    "min": 0.016523829273258645,
    "max": 0.031104628811590374
  },
  "opt_total_reward": {
    "mean": -60.93177650904956,
    "std": 141.89619021118165,
    "min": -959.0415469128404,
    "max": -0.42376056940110046
  },
  "opt_total_profits": {
    "mean": -0.05672719940160691,
    "std": 0.03765065852126226,
    "min": -0.16148570326025058,
    "max": -0.003552162862611945
  },
  "opt_tracking_error": {
    "mean": 12074.615033627711,
    "std": 10371.69980696037,
    "min": 422.1165718697948,
    "max": 49031.24715959474
  },
  "opt_actual_tracking_error": {
    "mean": 141.08939434846081,
    "std": 73.64510831453342,
    "min": 31.341639590446864,
    "max": 300.2705986996293
  },
  "opt_power_tracker_violation": {
    "mean": 0.01269749309647878,
    "std": 0.06219985823444736,
    "min": 0.0,
    "max": 0.3479553667872626
  },
  "opt_energy_user_satisfaction": {
    "mean": 79.69428648155264,
    "std": 0.8801321924037289,
    "min": 77.98884096413332,
    "max": 82.85653469561515
  },
  "opt_average_user_satisfaction": {
    "mean": 0.9908517433473725,
    "std": 0.004712176964453395,
    "min": 0.9748605120516665,
    "max": 1.0
  },
  "opt_min_user_satisfaction": {
    "mean": 0.9762334707626675,
    "std": 0.021030465241514116,
    "min": 0.8435064935064935,
    "max": 1.0
  },
  "opt_total_energy_charged": {
    "mean": 141.2023567736147,
    "std": 97.9571325548543,
    "min": 7.487156810487663,
    "max": 366.39743248278296
  },
  "opt_total_energy_discharged": {
    "mean": 49.988494458979524,
    "std": 51.93689057259549,
    "min": 0.0,
    "max": 218.35875790609856
  },
  "opt_total_transformer_overload": {
    "mean": 0.0,
    "std": 0.0,
    "min": 0.0,
    "max": 0.0
  },
  "optimality_gap_pct": {
    "mean": -4944.520750334879
  }
}