{
  "total_reward": {
    "mean": -15825.231528755345,
    "std": 10089.422042958546,
    "min": -46530.68739659686,
    "max": -756.3581424121827
  },
  "total_profits": {
    "mean": -17.71721778653922,
    "std": 12.26930042099566,
    "min": -60.66299305606381,
    "max": -2.9857606545811617
  },
  "total_energy_charged": {
    "mean": 102.90452020922085,
    "std": 59.14794026769278,
    "min": 20.89846002345063,
    "max": 233.748211428895
  },
  "total_energy_discharged": {
    "mean": 21.652210619246283,
    "std": 17.988032797359264,
    "min": 0.0,
    "max": 68.94672804165268
  },
  "average_user_satisfaction": {
    "mean": 0.8380915179211318,
    "std": 0.09267615012680058,
    "min": 0.6404961550086863,
    "max": 0.9857398747017361
  },
  "min_user_satisfaction": {
    "mean": 0.45508772541173914,
    "std": 0.20594322857411776,
    "min": 0.2435064935064935,
    "max": 0.9565217391304348
  },
  "power_tracker_violation": {
    "mean": 6.71136430968802,
    "std": 11.551928980716177,
    "min": 0.0,
    "max": 45.712802021889985
  },
  "tracking_error": {
    "mean": 34107.085815944294,
    "std": 29781.771391026377,
    "min": 1896.8716894272275,
    "max": 125391.25407652119
  },
  "energy_tracking_error": {
    "mean": 278.4033139075575,
    "std": 118.15103283279791,
    "min": 64.89202974790534,
    "max": 521.4974249441896
  },
  "total_transformer_overload": {
    "mean": 0.0,
    "std": 0.0,
    "min": 0.0,
    "max": 0.0
  },
  "battery_degradation": {
    "mean": 0.00027014057091735716,
    "std": 0.00012878984195902174,
    "min": 8.469700269894318e-05,
    "max": 0.0005222765531722325
  },
  "exec_time_per_step": {
    "mean": 0.020223952326147505,
    "std": 0.0008248389004623599,
    "min": 0.019090565348354478,
    "max": 0.022857358252319198
  },
  "opt_total_reward": {
    "mean": -43262.134126627454,
    "std": 20429.44606026739,
    "min": -91416.2795743128,
    "max": -9914.536451042826
  },
  "opt_total_profits": {
    "mean": 0.23323632083202345,
    "std": 4.507970576784875,
    "min": -8.56992068316551,
    "max": 13.745614703609874
  },
  "opt_tracking_error": {
    "mean": 64040.560483755886,
    "std": 55856.32909375263,
    "min": 6814.500100662472,
    "max": 235739.6886350499
  },
  "opt_actual_tracking_error": {
    "mean": 376.4936943051647,
    "std": 155.71789426950556,
    "min": 113.91925790247201,
    "max": 711.3893061873423
  },
  "opt_power_tracker_violation": {
    "mean": 33.98997942948273,
    "std": 22.307140583997505,
    "min": 0.0,
    "max": 95.45180094759274
  },
  "opt_energy_user_satisfaction": {
    "mean": 54.208454074770025,
    "std": 9.00109612309944,
    "min": 36.35052472733344,
    "max": 75.64276877385075
  },
  "opt_average_user_satisfaction": {
    "mean": 0.6504503431408273,
    "std": 0.09637430247561374,
    "min": 0.45376804304802243,
    "max": 0.8783790448273521
  },
  "opt_min_user_satisfaction": {
    "mean": 0.3065119139674845,
    "std": 0.11401844355010142,
    "min": 0.16396103896103895,
    "max": 0.6037808641975309
  },
  "opt_total_energy_charged": {
    "mean": 139.13190760412493,
    "std": 50.112545007319675,
    "min": 41.30024776522932,
    "max": 238.3235246413871
  },
  "opt_total_energy_discharged": {
    "mean": 142.33067085186016,
    "std": 53.80921752211805,
    "min": 47.19070503308913,
    "max": 237.13186792702055
  },
  "opt_total_transformer_overload": {
    "mean": 0.0,
    "std": 0.0,
    "min": 0.0,
    "max": 0.0
  },
  "optimality_gap_pct": {
    "mean": 63.42013206645056
  }
}