{
  "total_reward": {
    "mean": -3530.430386260154,
    "std": 2208.7804628148965,
    "min": -8923.789081926125,
    "max": -122.25914185342205
  },
  "total_profits": {
    "mean": -0.05437285133948595,
    "std": 0.04108635404329476,
    "min": -0.1823799786890813,
    "max": 0.001756006459029617
  },
  "total_energy_charged": {
    "mean": 79.63332644232885,
    "std": 57.16406097455846,
    "min": 0.662946585119966,
    "max": 261.489365245526
  },
  "total_energy_discharged": {
    "mean": 7.778054554583047,
    "std": 8.244798030609989,
    "min": 0.0,
    "max": 29.261350985692317
  },
  "average_user_satisfaction": {
    "mean": 0.8918695778452213,
    "std": 0.04314118172783109,
    "min": 0.7893684407796101,
    "max": 0.9702586206896551
  },
  "min_user_satisfaction": {
    "mean": 0.7615874863831027,
    "std": 0.08623571935712722,
    "min": 0.5626929012345679,
    "max": 0.954913606911447
  },
  "power_tracker_violation": {
    "mean": 3.410829134088135,
    "std": 4.221248998832264,
    "min": 0.0,
    "max": 19.653806264478433
  },
  "tracking_error": {
    "mean": 13444.137427858275,
    "std": 13743.539106923392,
    "min": 250.07077466454396,
    "max": 58196.63813716569
  },
  "energy_tracking_error": {
    "mean": 168.90541934346518,
    "std": 98.26368442282408,
    "min": 16.82927518208283,
    "max": 426.5409729065664
  },
  "total_transformer_overload": {
    "mean": 0.0,
    "std": 0.0,
    "min": 0.0,
    "max": 0.0
  },
  "battery_degradation": {
    "mean": 0.0001740321723435587,
    "std": 0.00011669461965937236,
    "min": 1.656644597550137e-05,
    "max": 0.0005377340333452209
  },
  "exec_time_per_step": {
    "mean": 0.018578735210079078,
    "std": 0.003418100980595175,
    "min": 0.016503304378905643,
    "max": 0.03224176412913948
  },
  "opt_total_reward": {
    "mean": -61.34316929831366,
    "std": 189.77096134280652,
    "min": -1331.3150711933067,
    "max": -1.4776441343266648e-05
  },
  "opt_total_profits": {
    "mean": -0.06134743861018415,
    "std": 0.04204452790669314,
    "min": -0.18594010177005832,
    "max": -1.4776441343266648e-05
  },
  "opt_tracking_error": {
    "mean": 12989.73515999199,
    "std": 12805.27864611762,
    "min": 201.0137149785163,
    "max": 49033.46543293001
  },
  "opt_actual_tracking_error": {
    "mean": 144.0934100799251,
    "std": 89.84415087963977,
    "min": 14.56470818570309,
    "max": 392.51165196657786
  },
  "opt_power_tracker_violation": {
    "mean": 5.018597034123218e-06,
    "std": 3.003044742923421e-05,
    "min": 0.0,
    "max": 0.00021168501983037658
  },
  "opt_energy_user_satisfaction": {
    "mean": 79.98372862654519,
    "std": 1.2020719333520056,
    "min": 78.61260110685399,
    "max": 86.76613086362802
  },
  "opt_average_user_satisfaction": {
    "mean": 0.9921940777164852,
    "std": 0.004330583240484437,
    "min": 0.9826575138356747,
    "max": 1.0
  },
  "opt_min_user_satisfaction": {
    "mean": 0.9804948168139488,
    "std": 0.009914825268264312,
    "min": 0.965,
    "max": 1.0
  },
  "opt_total_energy_charged": {
    "mean": 147.53649066803055,
    "std": 105.68494160153253,
    "min": 0.03904979213336852,
    "max": 542.2178020903581
  },
  "opt_total_energy_discharged": {
    "mean": 52.57462157449026,
    "std": 53.363277209462495,
    "min": 0.0,
    "max": 264.3562003374698
  },
  "opt_total_transformer_overload": {
    "mean": 0.0,
    "std": 0.0,
    "min": 0.0,
    "max": 0.0
  },
  "optimality_gap_pct": {
    "mean": -5655.213541529891
  }
}