{
  "total_reward": {
    "mean": -2424.035639834088,
    "std": 1939.507842238652,
    "min": -8403.650728570306,
    "max": -89.22503838892702
  },
  "total_profits": {
    "mean": -0.05083607291399086,
    "std": 0.039716347519724526,
    "min": -0.15315473338990213,
    "max": 0.012464742914302235
  },
  "total_energy_charged": {
    "mean": 89.69713793485231,
    "std": 56.3961204719174,
    "min": 6.394203570609466,
    "max": 242.77104487590287
  },
  "total_energy_discharged": {
    "mean": 13.391403385155536,
    "std": 13.258678306215426,
    "min": 0.0,
    "max": 69.54698193667478
  },
  "average_user_satisfaction": {
    "mean": 0.930353674835279,
    "std": 0.03784074315083187,
    "min": 0.7930434782608695,
    "max": 0.9928879310344826
  },
  "min_user_satisfaction": {
    "mean": 0.8126510717333488,
    "std": 0.09220445042990734,
    "min": 0.568287037037037,
    "max": 0.9786637931034481
  },
  "power_tracker_violation": {
    "mean": 4.242162237611734,
    "std": 5.302492252733485,
    "min": 0.0,
    "max": 22.136738404396873
  },
  "tracking_error": {
    "mean": 10964.834362936379,
    "std": 11574.176348026509,
    "min": 966.3540689512806,
    "max": 59353.53205031104
  },
  "energy_tracking_error": {
    "mean": 154.2757670062269,
    "std": 77.88986072015345,
    "min": 39.53516957318215,
    "max": 373.92703285204027
  },
  "total_transformer_overload": {
    "mean": 0.0,
    "std": 0.0,
    "min": 0.0,
    "max": 0.0
  },
  "battery_degradation": {
    "mean": 0.00020530256523169327,
    "std": 0.00011435077613913503,
    "min": 1.5095642603268839e-05,
    "max": 0.0005080157019898297
  },
  "exec_time_per_step": {
    "mean": 0.020169646044572196,
    "std": 0.0011532731841767771,
    "min": 0.018352595526569832,
    "max": 0.023602421085039776
  },
  "opt_total_reward": {
    "mean": -105.16510439536107,
    "std": 306.72939424075946,
    "min": -1958.5677258626545,
    "max": -0.04764783881208314
  },
  "opt_total_profits": {
    "mean": -0.05421901118546939,
    "std": 0.03953282768752611,
    "min": -0.18796814328722775,
    "max": -0.0008771848436541869
  },
  "opt_tracking_error": {
    "mean": 11371.239517797252,
    "std": 11952.213742452946,
    "min": 1185.8528629168472,
    "max": 56095.12229798284
  },
  "opt_actual_tracking_error": {
    "mean": 141.13234791890116,
    "std": 75.02602470804398,
    "min": 31.342060558859355,
    "max": 377.31333252615605
  },
  "opt_power_tracker_violation": {
    "mean": 0.001706453841755593,
    "std": 0.011336097192157847,
    "min": 0.0,
    "max": 0.08094302129884401
  },
  "opt_energy_user_satisfaction": {
    "mean": 80.07999166603162,
    "std": 1.458460677623083,
    "min": 78.93430482323177,
    "max": 87.25013631577069
  },
  "opt_average_user_satisfaction": {
    "mean": 0.9912535177857207,
    "std": 0.005801821050440177,
    "min": 0.9620227832512315,
    "max": 1.0
  },
  "opt_min_user_satisfaction": {
    "mean": 0.9762715610054535,
    "std": 0.02009460093867701,
    "min": 0.8571428571428571,
    "max": 1.0
  },
  "opt_total_energy_charged": {
    "mean": 139.42054504201403,
    "std": 88.48537317731483,
    "min": 11.150907903856023,
    "max": 337.843678739043
  },
  "opt_total_energy_discharged": {
    "mean": 52.09161929687647,
    "std": 47.93207205200214,
    "min": 0.0,
    "max": 193.41238646660656
  },
  "opt_total_transformer_overload": {
    "mean": 0.0,
    "std": 0.0,
    "min": 0.0,
    "max": 0.0
  },
  "optimality_gap_pct": {
    "mean": -2204.98096661521
  }
}