{
  "total_reward": {
    "mean": -4082.464156427635,
    "std": 2749.041046731763,
    "min": -12164.821808211202,
    "max": -82.36716137168175
  },
  "total_profits": {
    "mean": -0.04927486987115502,
    "std": 0.03308492149253147,
    "min": -0.13416946125007823,
    "max": 0.003174850799184348
  },
  "total_energy_charged": {
    "mean": 78.53088417851951,
    "std": 40.674759894836704,
    "min": 0.7818990535698173,
    "max": 180.3592061656745
  },
  "total_energy_discharged": {
    "mean": 10.627513628355164,
    "std": 9.96605357888594,
    "min": 0.0,
    "max": 39.487210581414395
  },
  "average_user_satisfaction": {
    "mean": 0.8931918070486041,
    "std": 0.04746586707423222,
    "min": 0.7910342555994729,
    "max": 1.0
  },
  "min_user_satisfaction": {
    "mean": 0.7418886358225936,
    "std": 0.10073398026720125,
    "min": 0.4948051948051948,
    "max": 1.0
  },
  "power_tracker_violation": {
    "mean": 4.088687415577631,
    "std": 4.170177186646078,
    "min": 0.0,
    "max": 20.781861524773774
  },
  "tracking_error": {
    "mean": 14019.043242535015,
    "std": 17540.10799613462,
    "min": 135.6228121265902,
    "max": 92883.90923272808
  },
  "energy_tracking_error": {
    "mean": 177.80918126966884,
    "std": 95.65364943729995,
    "min": 12.526980476106209,
    "max": 453.56707921873726
  },
  "total_transformer_overload": {
    "mean": 0.0,
    "std": 0.0,
    "min": 0.0,
    "max": 0.0
  },
  "battery_degradation": {
    "mean": 0.0001805048425194239,
    "std": 8.488113192042507e-05,
    "min": 2.0035585181107595e-05,
    "max": 0.00035973487708928424
  },
  "exec_time_per_step": {
    "mean": 0.017669330090284346,
    "std": 0.0025548691253666706,
    "min": 0.016415245831012726,
    "max": 0.03362087084678933
  },
  "opt_total_reward": {
    "mean": -100.7490402643937,
    "std": 197.0711599504575,
    "min": -1034.713148928031,
    "max": -0.18801250181205606
  },
  "opt_total_profits": {
    "mean": -0.05734142375659904,
    "std": 0.03821529823272145,
    "min": -0.1715042952401475,
    "max": 0.0
  },
  "opt_tracking_error": {
    "mean": 13418.211537313964,
    "std": 15619.951458717165,
    "min": 76.92238263086377,
    "max": 76814.1584311513
  },
  "opt_actual_tracking_error": {
    "mean": 152.3905504132604,
    "std": 84.26204084025514,
    "min": 9.294077571684284,
    "max": 404.79348026253655
  },
  "opt_power_tracker_violation": {
    "mean": 0.008652188406370623,
    "std": 0.03411568829533836,
    "min": 0.0,
    "max": 0.18629444156137231
  },
  "opt_energy_user_satisfaction": {
    "mean": 80.1131536643658,
    "std": 1.7907120309243092,
    "min": 78.50336909467345,
    "max": 90.43478260869566
  },
  "opt_average_user_satisfaction": {
    "mean": 0.9903120029146735,
    "std": 0.0052423053242850425,
    "min": 0.9731981688944112,
    "max": 1.0
  },
  "opt_min_user_satisfaction": {
    "mean": 0.9748204334784816,
    "std": 0.020109460763640334,
    "min": 0.8639610389610389,
    "max": 1.0
  },
  "opt_total_energy_charged": {
    "mean": 149.7379792072719,
    "std": 86.34878501966729,
    "min": 0.0,
    "max": 357.11418786398474
  },
  "opt_total_energy_discharged": {
    "mean": 58.455995414284715,
    "std": 49.66038774299059,
    "min": 0.0,
    "max": 205.32671630303145
  },
  "opt_total_transformer_overload": {
    "mean": 0.0,
    "std": 0.0,
    "min": 0.0,
    "max": 0.0
  },
  "optimality_gap_pct": {
    "mean": -3952.112204457834
  }
}