{
  "total_reward": {
    "mean": -5509.434244068519,
    "std": 6943.784527348822,
    "min": -31285.75227476862,
    "max": -220.15020731726852
  },
  "total_profits": {
    "mean": -0.04260054409545094,
    "std": 0.03363618559231841,
    "min": -0.1389021255353603,
    "max": 0.005700997947758081
  },
  "total_energy_charged": {
    "mean": 77.31920362813888,
    "std": 53.52530788577602,
    "min": 3.3671972743528817,
    "max": 221.42296362093035
  },
  "total_energy_discharged": {
    "mean": 15.482222080865592,
    "std": 12.523872513819766,
    "min": 0.0,
    "max": 56.154536942768814
  },
  "average_user_satisfaction": {
    "mean": 0.8819377984019654,
    "std": 0.08996255446307132,
    "min": 0.6051026982017607,
    "max": 1.0
  },
  "min_user_satisfaction": {
    "mean": 0.7210000113853794,
    "std": 0.1712444447782079,
    "min": 0.29886363636363633,
    "max": 1.0
  },
  "power_tracker_violation": {
    "mean": 6.472211835244211,
    "std": 6.138910766697276,
    "min": 0.0,
    "max": 24.48632251813044
  },
  "tracking_error": {
    "mean": 13036.487617216078,
    "std": 14106.097250543797,
    "min": 1200.1987458458757,
    "max": 69508.62348776322
  },
  "energy_tracking_error": {
    "mean": 169.85954480746668,
    "std": 87.21367901836474,
    "min": 36.64077551015857,
    "max": 406.91526888868526
  },
  "total_transformer_overload": {
    "mean": 0.0,
    "std": 0.0,
    "min": 0.0,
    "max": 0.0
  },
  "battery_degradation": {
    "mean": 0.000187518951550897,
    "std": 0.00011620749604959653,
    "min": 1.4186973431152826e-05,
    "max": 0.0004827035460918867
  },
  "exec_time_per_step": {
    "mean": 0.018891650561708957,
    "std": 0.0023284952369062076,
    "min": 0.01755740324733779,
    "max": 0.03323895808231706
  },
  "opt_total_reward": {
    "mean": -105.16510439536107,
    "std": 306.72939424075946,
    "min": -1958.5677258626545,
    "max": -0.04764783881208314
  },
  "opt_total_profits": {
    "mean": -0.05421901118546939,
    "std": 0.03953282768752611,
    "min": -0.18796814328722775,
    "max": -0.0008771848436541869
  },
  "opt_tracking_error": {
    "mean": 11371.239517797252,
    "std": 11952.213742452946,
    "min": 1185.8528629168472,
    "max": 56095.12229798284
  },
  "opt_actual_tracking_error": {
    "mean": 141.13234791890116,
    "std": 75.02602470804398,
    "min": 31.342060558859355,
    "max": 377.31333252615605
  },
  "opt_power_tracker_violation": {
    "mean": 0.001706453841755593,
    "std": 0.011336097192157847,
    "min": 0.0,
    "max": 0.08094302129884401
  },
  "opt_energy_user_satisfaction": {
    "mean": 80.07999166603162,
    "std": 1.458460677623083,
    "min": 78.93430482323177,
    "max": 87.25013631577069
  },
  "opt_average_user_satisfaction": {
    "mean": 0.9912535177857207,
    "std": 0.005801821050440177,
    "min": 0.9620227832512315,
    "max": 1.0
  },
  "opt_min_user_satisfaction": {
    "mean": 0.9762715610054535,
    "std": 0.02009460093867701,
    "min": 0.8571428571428571,
    "max": 1.0
  },
  "opt_total_energy_charged": {
    "mean": 139.42054504201403,
    "std": 88.48537317731483,
    "min": 11.150907903856023,
    "max": 337.843678739043
  },
  "opt_total_energy_discharged": {
    "mean": 52.09161929687647,
    "std": 47.93207205200214,
    "min": 0.0,
    "max": 193.41238646660656
  },
  "opt_total_transformer_overload": {
    "mean": 0.0,
    "std": 0.0,
    "min": 0.0,
    "max": 0.0
  },
  "optimality_gap_pct": {
    "mean": -5138.842556896226
  }
}