{
  "total_reward": {
    "mean": -3801.2578738004404,
    "std": 2598.484671893174,
    "min": -12139.461769845242,
    "max": -99.47591674613105
  },
  "total_profits": {
    "mean": -0.05830993270964209,
    "std": 0.046131628467906735,
    "min": -0.18706099926972475,
    "max": 0.013262665414379914
  },
  "total_energy_charged": {
    "mean": 94.52068352819997,
    "std": 63.38594293655368,
    "min": 6.033389461091575,
    "max": 256.69642438392634
  },
  "total_energy_discharged": {
    "mean": 14.468139278206428,
    "std": 16.19937627947982,
    "min": 0.036397785709051216,
    "max": 86.96273015202866
  },
  "average_user_satisfaction": {
    "mean": 0.9191278823940233,
    "std": 0.05767235993965973,
    "min": 0.6512931034482757,
    "max": 0.9882460212201591
  },
  "min_user_satisfaction": {
    "mean": 0.7633284070986346,
    "std": 0.12309027651236644,
    "min": 0.4573051948051948,
    "max": 0.9560344827586206
  },
  "power_tracker_violation": {
    "mean": 8.688624038677307,
    "std": 10.058877997377142,
    "min": 0.0,
    "max": 43.1016928986813
  },
  "tracking_error": {
    "mean": 9871.752004887165,
    "std": 8232.024609953245,
    "min": 1196.7081819564214,
    "max": 38847.21823582025
  },
  "energy_tracking_error": {
    "mean": 152.75218820646293,
    "std": 72.71652365992345,
    "min": 38.27377306527874,
    "max": 352.2066075593564
  },
  "total_transformer_overload": {
    "mean": 0.0,
    "std": 0.0,
    "min": 0.0,
    "max": 0.0
  },
  "battery_degradation": {
    "mean": 0.0002145792169169079,
    "std": 0.0001288362373581909,
    "min": 1.4362910711889847e-05,
    "max": 0.0005140544507757011
  },
  "exec_time_per_step": {
    "mean": 0.01834903957632681,
    "std": 0.0009836099265319964,
    "min": 0.01732742883420239,
    "max": 0.0238778213194261
  },
  "opt_total_reward": {
    "mean": -105.16510439536107,
    "std": 306.72939424075946,
    "min": -1958.5677258626545,
    "max": -0.04764783881208314
  },
  "opt_total_profits": {
    "mean": -0.05421901118546939,
    "std": 0.03953282768752611,
    "min": -0.18796814328722775,
    "max": -0.0008771848436541869
  },
  "opt_tracking_error": {
    "mean": 11371.239517797252,
    "std": 11952.213742452946,
    "min": 1185.8528629168472,
    "max": 56095.12229798284
  },
  "opt_actual_tracking_error": {
    "mean": 141.13234791890116,
    "std": 75.02602470804398,
    "min": 31.342060558859355,
    "max": 377.31333252615605
  },
  "opt_power_tracker_violation": {
    "mean": 0.001706453841755593,
    "std": 0.011336097192157847,
    "min": 0.0,
    "max": 0.08094302129884401
  },
  "opt_energy_user_satisfaction": {
    "mean": 80.07999166603162,
    "std": 1.458460677623083,
    "min": 78.93430482323177,
    "max": 87.25013631577069
  },
  "opt_average_user_satisfaction": {
    "mean": 0.9912535177857207,
    "std": 0.005801821050440177,
    "min": 0.9620227832512315,
    "max": 1.0
  },
  "opt_min_user_satisfaction": {
    "mean": 0.9762715610054535,
    "std": 0.02009460093867701,
    "min": 0.8571428571428571,
    "max": 1.0
  },
  "opt_total_energy_charged": {
    "mean": 139.42054504201403,
    "std": 88.48537317731483,
    "min": 11.150907903856023,
    "max": 337.843678739043
  },
  "opt_total_energy_discharged": {
    "mean": 52.09161929687647,
    "std": 47.93207205200214,
    "min": 0.0,
    "max": 193.41238646660656
  },
  "opt_total_transformer_overload": {
    "mean": 0.0,
    "std": 0.0,
    "min": 0.0,
    "max": 0.0
  },
  "optimality_gap_pct": {
    "mean": -3514.5619743882626
  }
}