{
  "total_reward": {
    "mean": -7251.395338360208,
    "std": 6356.451551420642,
    "min": -31064.43330028549,
    "max": -144.83592956169184
  },
  "total_profits": {
    "mean": -0.04926622355804189,
    "std": 0.031656757764963135,
    "min": -0.13286852325654863,
    "max": 7.550238788509717e-05
  },
  "total_energy_charged": {
    "mean": 75.44023335944198,
    "std": 43.373153974361095,
    "min": 10.962860106663658,
    "max": 175.16162098835676
  },
  "total_energy_discharged": {
    "mean": 2.9239652828326745,
    "std": 2.750130619672812,
    "min": 0.0,
    "max": 11.10402815760066
  },
  "average_user_satisfaction": {
    "mean": 0.8948091852001485,
    "std": 0.06702174655819729,
    "min": 0.7468987608104877,
    "max": 1.0
  },
  "min_user_satisfaction": {
    "mean": 0.7077922755172742,
    "std": 0.17164514591404487,
    "min": 0.4199675324675325,
    "max": 1.0
  },
  "power_tracker_violation": {
    "mean": 4.838934121366495,
    "std": 2.8582032588925803,
    "min": 0.469812653742113,
    "max": 11.980562493671773
  },
  "tracking_error": {
    "mean": 11266.797455269701,
    "std": 12058.186807434291,
    "min": 922.522579565972,
    "max": 57422.80462749813
  },
  "energy_tracking_error": {
    "mean": 158.36361942119177,
    "std": 84.09892245066136,
    "min": 35.83758614562485,
    "max": 419.9292353638467
  },
  "total_transformer_overload": {
    "mean": 0.0,
    "std": 0.0,
    "min": 0.0,
    "max": 0.0
  },
  "battery_degradation": {
    "mean": 0.00016895916695599348,
    "std": 8.571486021392991e-05,
    "min": 2.3323118856911038e-05,
    "max": 0.0003487966387706276
  },
  "exec_time_per_step": {
    "mean": 0.017161770946113392,
    "std": 0.0005721161181469843,
    "min": 0.016657939219536882,
    "max": 0.020041911183701206
  },
  "opt_total_reward": {
    "mean": -105.16510439536107,
    "std": 306.72939424075946,
    "min": -1958.5677258626545,
    "max": -0.04764783881208314
  },
  "opt_total_profits": {
    "mean": -0.05421901118546939,
    "std": 0.03953282768752611,
    "min": -0.18796814328722775,
    "max": -0.0008771848436541869
  },
  "opt_tracking_error": {
    "mean": 11371.239517797252,
    "std": 11952.213742452946,
    "min": 1185.8528629168472,
    "max": 56095.12229798284
  },
  "opt_actual_tracking_error": {
    "mean": 141.13234791890116,
    "std": 75.02602470804398,
    "min": 31.342060558859355,
    "max": 377.31333252615605
  },
  "opt_power_tracker_violation": {
    "mean": 0.001706453841755593,
    "std": 0.011336097192157847,
    "min": 0.0,
    "max": 0.08094302129884401
  },
  "opt_energy_user_satisfaction": {
    "mean": 80.07999166603162,
    "std": 1.458460677623083,
    "min": 78.93430482323177,
    "max": 87.25013631577069
  },
  "opt_average_user_satisfaction": {
    "mean": 0.9912535177857207,
    "std": 0.005801821050440177,
    "min": 0.9620227832512315,
    "max": 1.0
  },
  "opt_min_user_satisfaction": {
    "mean": 0.9762715610054535,
    "std": 0.02009460093867701,
    "min": 0.8571428571428571,
    "max": 1.0
  },
  "opt_total_energy_charged": {
    "mean": 139.42054504201403,
    "std": 88.48537317731483,
    "min": 11.150907903856023,
    "max": 337.843678739043
  },
  "opt_total_energy_discharged": {
    "mean": 52.09161929687647,
    "std": 47.93207205200214,
    "min": 0.0,
    "max": 193.41238646660656
  },
  "opt_total_transformer_overload": {
    "mean": 0.0,
    "std": 0.0,
    "min": 0.0,
    "max": 0.0
  },
  "optimality_gap_pct": {
    "mean": -6795.248552313589
  }
}