{
  "total_reward": {
    "mean": -6400.658381007725,
    "std": 7408.316419636482,
    "min": -32279.259287068468,
    "max": -141.02120090975905
  },
  "total_profits": {
    "mean": -0.045121896685552054,
    "std": 0.03613195159504065,
    "min": -0.13014567936234184,
    "max": -0.0005577329267344755
  },
  "total_energy_charged": {
    "mean": 77.7481554172969,
    "std": 60.81080357100143,
    "min": 2.744557661779744,
    "max": 214.87039456682032
  },
  "total_energy_discharged": {
    "mean": 14.091904937202822,
    "std": 12.566097383559445,
    "min": 0.087705647803299,
    "max": 50.17589249542611
  },
  "average_user_satisfaction": {
    "mean": 0.8538508354788975,
    "std": 0.1251986714144536,
    "min": 0.45521739130434785,
    "max": 0.997501001602564
  },
  "min_user_satisfaction": {
    "mean": 0.6933679000743771,
    "std": 0.20030764818580002,
    "min": 0.31996753246753246,
    "max": 0.9939453125
  },
  "power_tracker_violation": {
    "mean": 5.218758991110392,
    "std": 7.751668466767133,
    "min": 0.0,
    "max": 41.61292925764879
  },
  "tracking_error": {
    "mean": 13396.92816694743,
    "std": 11375.013952362546,
    "min": 620.8592107034398,
    "max": 42955.45147667391
  },
  "energy_tracking_error": {
    "mean": 171.25003693200887,
    "std": 86.19772017791175,
    "min": 42.65100310908924,
    "max": 335.00429000387805
  },
  "total_transformer_overload": {
    "mean": 0.0,
    "std": 0.0,
    "min": 0.0,
    "max": 0.0
  },
  "battery_degradation": {
    "mean": 0.00018123631970396725,
    "std": 0.0001277185510695385,
    "min": 1.3878192772754074e-05,
    "max": 0.0004653539750372663
  },
  "exec_time_per_step": {
    "mean": 0.018078061977478986,
    "std": 0.001102166380289623,
    "min": 0.01748507625112931,
    "max": 0.02546296703318755
  },
  "opt_total_reward": {
    "mean": -60.93177650904956,
    "std": 141.89619021118165,
    "min": -959.0415469128404,
    "max": -0.42376056940110046
  },
  "opt_total_profits": {
    "mean": -0.05672719940160691,
    "std": 0.03765065852126226,
    "min": -0.16148570326025058,
    "max": -0.003552162862611945
  },
  "opt_tracking_error": {
    "mean": 12074.615033627711,
    "std": 10371.69980696037,
    "min": 422.1165718697948,
    "max": 49031.24715959474
  },
  "opt_actual_tracking_error": {
    "mean": 141.08939434846081,
    "std": 73.64510831453342,
    "min": 31.341639590446864,
    "max": 300.2705986996293
  },
  "opt_power_tracker_violation": {
    "mean": 0.01269749309647878,
    "std": 0.06219985823444736,
    "min": 0.0,
    "max": 0.3479553667872626
  },
  "opt_energy_user_satisfaction": {
    "mean": 79.69428648155264,
    "std": 0.8801321924037289,
    "min": 77.98884096413332,
    "max": 82.85653469561515
  },
  "opt_average_user_satisfaction": {
    "mean": 0.9908517433473725,
    "std": 0.004712176964453395,
    "min": 0.9748605120516665,
    "max": 1.0
  },
  "opt_min_user_satisfaction": {
    "mean": 0.9762334707626675,
    "std": 0.021030465241514116,
    "min": 0.8435064935064935,
    "max": 1.0
  },
  "opt_total_energy_charged": {
    "mean": 141.2023567736147,
    "std": 97.9571325548543,
    "min": 7.487156810487663,
    "max": 366.39743248278296
  },
  "opt_total_energy_discharged": {
    "mean": 49.988494458979524,
    "std": 51.93689057259549,
    "min": 0.0,
    "max": 218.35875790609856
  },
  "opt_total_transformer_overload": {
    "mean": 0.0,
    "std": 0.0,
    "min": 0.0,
    "max": 0.0
  },
  "optimality_gap_pct": {
    "mean": -10404.63115917374
  }
}