{
  "total_reward": {
    "mean": -5964.159305022305,
    "std": 5444.06342299367,
    "min": -20692.74387708729,
    "max": -86.43407310556753
  },
  "total_profits": {
    "mean": -0.04385860015292958,
    "std": 0.03207651763626186,
    "min": -0.13311679795287334,
    "max": 0.0019268944323379438
  },
  "total_energy_charged": {
    "mean": 79.87435192193156,
    "std": 48.559822377648544,
    "min": 0.009430448811415526,
    "max": 203.73926338493288
  },
  "total_energy_discharged": {
    "mean": 17.210988606805454,
    "std": 12.418470368622945,
    "min": 0.19106196989297286,
    "max": 45.06729966087533
  },
  "average_user_satisfaction": {
    "mean": 0.8612874015395421,
    "std": 0.1288388516077577,
    "min": 0.4590307971014493,
    "max": 1.0
  },
  "min_user_satisfaction": {
    "mean": 0.699845036785677,
    "std": 0.16363158322397872,
    "min": 0.30434782608695654,
    "max": 1.0
  },
  "power_tracker_violation": {
    "mean": 6.0704784642215,
    "std": 5.592163913637962,
    "min": 0.0,
    "max": 23.41016438430088
  },
  "tracking_error": {
    "mean": 15382.537675235943,
    "std": 18989.356899688642,
    "min": 127.47826629052207,
    "max": 106906.46541032306
  },
  "energy_tracking_error": {
    "mean": 184.04008402902906,
    "std": 96.96431706552599,
    "min": 12.479375165726928,
    "max": 476.847603059127
  },
  "total_transformer_overload": {
    "mean": 0.0,
    "std": 0.0,
    "min": 0.0,
    "max": 0.0
  },
  "battery_degradation": {
    "mean": 0.00019048732394673945,
    "std": 0.00010600221925417866,
    "min": 1.8712653015118538e-05,
    "max": 0.00046440061808068273
  },
  "exec_time_per_step": {
    "mean": 0.018719770479559278,
    "std": 0.0012285328809871281,
    "min": 0.017814197538730998,
    "max": 0.025023528782185167
  },
  "opt_total_reward": {
    "mean": -100.7490402643937,
    "std": 197.0711599504575,
    "min": -1034.713148928031,
    "max": -0.18801250181205606
  },
  "opt_total_profits": {
    "mean": -0.05734142375659904,
    "std": 0.03821529823272145,
    "min": -0.1715042952401475,
    "max": 0.0
  },
  "opt_tracking_error": {
    "mean": 13418.211537313964,
    "std": 15619.951458717165,
    "min": 76.92238263086377,
    "max": 76814.1584311513
  },
  "opt_actual_tracking_error": {
    "mean": 152.3905504132604,
    "std": 84.26204084025514,
    "min": 9.294077571684284,
    "max": 404.79348026253655
  },
  "opt_power_tracker_violation": {
    "mean": 0.008652188406370623,
    "std": 0.03411568829533836,
    "min": 0.0,
    "max": 0.18629444156137231
  },
  "opt_energy_user_satisfaction": {
    "mean": 80.1131536643658,
    "std": 1.7907120309243092,
    "min": 78.50336909467345,
    "max": 90.43478260869566
  },
  "opt_average_user_satisfaction": {
    "mean": 0.9903120029146735,
    "std": 0.0052423053242850425,
    "min": 0.9731981688944112,
    "max": 1.0
  },
  "opt_min_user_satisfaction": {
    "mean": 0.9748204334784816,
    "std": 0.020109460763640334,
    "min": 0.8639610389610389,
    "max": 1.0
  },
  "opt_total_energy_charged": {
    "mean": 149.7379792072719,
    "std": 86.34878501966729,
    "min": 0.0,
    "max": 357.11418786398474
  },
  "opt_total_energy_discharged": {
    "mean": 58.455995414284715,
    "std": 49.66038774299059,
    "min": 0.0,
    "max": 205.32671630303145
  },
  "opt_total_transformer_overload": {
    "mean": 0.0,
    "std": 0.0,
    "min": 0.0,
    "max": 0.0
  },
  "optimality_gap_pct": {
    "mean": -5819.817488455156
  }
}