{
  "total_reward": {
    "mean": -2792.1103176874535,
    "std": 2117.0616906813075,
    "min": -8659.129432344362,
    "max": -56.057078107641196
  },
  "total_profits": {
    "mean": -0.05810842470162138,
    "std": 0.039861136712475605,
    "min": -0.18761617597746982,
    "max": -0.001003839607489341
  },
  "total_energy_charged": {
    "mean": 93.98619681153566,
    "std": 64.72037189209023,
    "min": 2.0683846017228604,
    "max": 306.8700935572586
  },
  "total_energy_discharged": {
    "mean": 11.105065817556552,
    "std": 12.009621887119431,
    "min": 0.0,
    "max": 46.69562278163009
  },
  "average_user_satisfaction": {
    "mean": 0.9234836238479897,
    "std": 0.055192492747352315,
    "min": 0.7298697526236881,
    "max": 1.0
  },
  "min_user_satisfaction": {
    "mean": 0.803570316567784,
    "std": 0.10591092414286296,
    "min": 0.5266203703703703,
    "max": 1.0
  },
  "power_tracker_violation": {
    "mean": 3.30588049262751,
    "std": 3.205528357313958,
    "min": 0.0,
    "max": 11.70102649493312
  },
  "tracking_error": {
    "mean": 12540.305139600438,
    "std": 13459.255234206494,
    "min": 182.87393054617837,
    "max": 53303.829976586516
  },
  "energy_tracking_error": {
    "mean": 157.82708591650152,
    "std": 95.00215721725489,
    "min": 13.666777024778948,
    "max": 421.3750086445453
  },
  "total_transformer_overload": {
    "mean": 0.0,
    "std": 0.0,
    "min": 0.0,
    "max": 0.0
  },
  "battery_degradation": {
    "mean": 0.0002037558045620585,
    "std": 0.00013495522746250524,
    "min": 1.6986574907997286e-05,
    "max": 0.0006306148666625847
  },
  "exec_time_per_step": {
    "mean": 0.0199800803756807,
    "std": 0.0009941728552583999,
    "min": 0.018153322317327063,
    "max": 0.023207050360118348
  },
  "opt_total_reward": {
    "mean": -61.34316929831366,
    "std": 189.77096134280652,
    "min": -1331.3150711933067,
    "max": -1.4776441343266648e-05
  },
  "opt_total_profits": {
    "mean": -0.06134743861018415,
    "std": 0.04204452790669314,
    "min": -0.18594010177005832,
    "max": -1.4776441343266648e-05
  },
  "opt_tracking_error": {
    "mean": 12989.73515999199,
    "std": 12805.27864611762,
    "min": 201.0137149785163,
    "max": 49033.46543293001
  },
  "opt_actual_tracking_error": {
    "mean": 144.0934100799251,
    "std": 89.84415087963977,
    "min": 14.56470818570309,
    "max": 392.51165196657786
  },
  "opt_power_tracker_violation": {
    "mean": 5.018597034123218e-06,
    "std": 3.003044742923421e-05,
    "min": 0.0,
    "max": 0.00021168501983037658
  },
  "opt_energy_user_satisfaction": {
    "mean": 79.98372862654519,
    "std": 1.2020719333520056,
    "min": 78.61260110685399,
    "max": 86.76613086362802
  },
  "opt_average_user_satisfaction": {
    "mean": 0.9921940777164852,
    "std": 0.004330583240484437,
    "min": 0.9826575138356747,
    "max": 1.0
  },
  "opt_min_user_satisfaction": {
    "mean": 0.9804948168139488,
    "std": 0.009914825268264312,
    "min": 0.965,
    "max": 1.0
  },
  "opt_total_energy_charged": {
    "mean": 147.53649066803055,
    "std": 105.68494160153253,
    "min": 0.03904979213336852,
    "max": 542.2178020903581
  },
  "opt_total_energy_discharged": {
    "mean": 52.57462157449026,
    "std": 53.363277209462495,
    "min": 0.0,
    "max": 264.3562003374698
  },
  "opt_total_transformer_overload": {
    "mean": 0.0,
    "std": 0.0,
    "min": 0.0,
    "max": 0.0
  },
  "optimality_gap_pct": {
    "mean": -4451.6238395009195
  }
}