{
  "total_reward": {
    "mean": -4232.971358738302,
    "std": 3319.430854950342,
    "min": -14157.744899710542,
    "max": -198.02457557768616
  },
  "total_profits": {
    "mean": -0.04848574673682072,
    "std": 0.03205671974650144,
    "min": -0.12733478913692092,
    "max": 0.00042442231408861887
  },
  "total_energy_charged": {
    "mean": 77.96432736620969,
    "std": 42.29385405645005,
    "min": 1.3277697555402939,
    "max": 185.24279757191985
  },
  "total_energy_discharged": {
    "mean": 11.107852577383198,
    "std": 11.03211625145108,
    "min": 0.0,
    "max": 49.560309912024614
  },
  "average_user_satisfaction": {
    "mean": 0.8896999528703737,
    "std": 0.060964828831356045,
    "min": 0.6979263311109024,
    "max": 1.0
  },
  "min_user_satisfaction": {
    "mean": 0.7293909825696443,
    "std": 0.1223819603357095,
    "min": 0.41931818181818176,
    "max": 1.0
  },
  "power_tracker_violation": {
    "mean": 3.233657329915644,
    "std": 2.6639735187617006,
    "min": 0.0,
    "max": 8.364049400794366
  },
  "tracking_error": {
    "mean": 13821.701146161284,
    "std": 17417.687278638714,
    "min": 110.16346047246276,
    "max": 97392.92807061199
  },
  "energy_tracking_error": {
    "mean": 178.42856198817574,
    "std": 95.88502355972373,
    "min": 10.95964201255805,
    "max": 461.3695126788242
  },
  "total_transformer_overload": {
    "mean": 0.0,
    "std": 0.0,
    "min": 0.0,
    "max": 0.0
  },
  "battery_degradation": {
    "mean": 0.00018103780595757227,
    "std": 9.173899003627153e-05,
    "min": 1.9748877811477506e-05,
    "max": 0.000483873138081251
  },
  "exec_time_per_step": {
    "mean": 0.01965438536445921,
    "std": 0.0011416734789649545,
    "min": 0.01749495407178377,
    "max": 0.02186123850212122
  },
  "opt_total_reward": {
    "mean": -100.7490402643937,
    "std": 197.0711599504575,
    "min": -1034.713148928031,
    "max": -0.18801250181205606
  },
  "opt_total_profits": {
    "mean": -0.05734142375659904,
    "std": 0.03821529823272145,
    "min": -0.1715042952401475,
    "max": 0.0
  },
  "opt_tracking_error": {
    "mean": 13418.211537313964,
    "std": 15619.951458717165,
    "min": 76.92238263086377,
    "max": 76814.1584311513
  },
  "opt_actual_tracking_error": {
    "mean": 152.3905504132604,
    "std": 84.26204084025514,
    "min": 9.294077571684284,
    "max": 404.79348026253655
  },
  "opt_power_tracker_violation": {
    "mean": 0.008652188406370623,
    "std": 0.03411568829533836,
    "min": 0.0,
    "max": 0.18629444156137231
  },
  "opt_energy_user_satisfaction": {
    "mean": 80.1131536643658,
    "std": 1.7907120309243092,
    "min": 78.50336909467345,
    "max": 90.43478260869566
  },
  "opt_average_user_satisfaction": {
    "mean": 0.9903120029146735,
    "std": 0.0052423053242850425,
    "min": 0.9731981688944112,
    "max": 1.0
  },
  "opt_min_user_satisfaction": {
    "mean": 0.9748204334784816,
    "std": 0.020109460763640334,
    "min": 0.8639610389610389,
    "max": 1.0
  },
  "opt_total_energy_charged": {
    "mean": 149.7379792072719,
    "std": 86.34878501966729,
    "min": 0.0,
    "max": 357.11418786398474
  },
  "opt_total_energy_discharged": {
    "mean": 58.455995414284715,
    "std": 49.66038774299059,
    "min": 0.0,
    "max": 205.32671630303145
  },
  "opt_total_transformer_overload": {
    "mean": 0.0,
    "std": 0.0,
    "min": 0.0,
    "max": 0.0
  },
  "optimality_gap_pct": {
    "mean": -4101.500428817783
  }
}