{
  "total_reward": {
    "mean": -3569.2144180952046,
    "std": 2546.584667268291,
    "min": -10500.932850135272,
    "max": -57.46393399551165
  },
  "total_profits": {
    "mean": -0.05373654155839583,
    "std": 0.039759042070621406,
    "min": -0.1748581354079909,
    "max": -0.00035690598346278584
  },
  "total_energy_charged": {
    "mean": 82.18422485839623,
    "std": 61.25318220934777,
    "min": 1.6283927108719063,
    "max": 296.20954663409475
  },
  "total_energy_discharged": {
    "mean": 8.898269248268035,
    "std": 10.202545314465691,
    "min": 0.0,
    "max": 47.73633131811735
  },
  "average_user_satisfaction": {
    "mean": 0.8940648877500488,
    "std": 0.060500801034084714,
    "min": 0.6587782190635452,
    "max": 1.0
  },
  "min_user_satisfaction": {
    "mean": 0.759437956428384,
    "std": 0.10226757102741824,
    "min": 0.4483024691358024,
    "max": 1.0
  },
  "power_tracker_violation": {
    "mean": 3.4261598155364537,
    "std": 4.070455158975677,
    "min": 0.0,
    "max": 22.323424338129765
  },
  "tracking_error": {
    "mean": 12977.769397886155,
    "std": 12832.226091863438,
    "min": 188.80430480664464,
    "max": 54440.73427713485
  },
  "energy_tracking_error": {
    "mean": 167.48240096180692,
    "std": 96.17285763691586,
    "min": 14.414855978339288,
    "max": 400.51206528261406
  },
  "total_transformer_overload": {
    "mean": 0.0,
    "std": 0.0,
    "min": 0.0,
    "max": 0.0
  },
  "battery_degradation": {
    "mean": 0.00018082298565386912,
    "std": 0.00012925637198400082,
    "min": 1.6709490965691874e-05,
    "max": 0.0006440939777588786
  },
  "exec_time_per_step": {
    "mean": 0.01903245632148658,
    "std": 0.0010487401110418372,
    "min": 0.017311744721761595,
    "max": 0.022604463796596974
  },
  "opt_total_reward": {
    "mean": -61.34316929831366,
    "std": 189.77096134280652,
    "min": -1331.3150711933067,
    "max": -1.4776441343266648e-05
  },
  "opt_total_profits": {
    "mean": -0.06134743861018415,
    "std": 0.04204452790669314,
    "min": -0.18594010177005832,
    "max": -1.4776441343266648e-05
  },
  "opt_tracking_error": {
    "mean": 12989.73515999199,
    "std": 12805.27864611762,
    "min": 201.0137149785163,
    "max": 49033.46543293001
  },
  "opt_actual_tracking_error": {
    "mean": 144.0934100799251,
    "std": 89.84415087963977,
    "min": 14.56470818570309,
    "max": 392.51165196657786
  },
  "opt_power_tracker_violation": {
    "mean": 5.018597034123218e-06,
    "std": 3.003044742923421e-05,
    "min": 0.0,
    "max": 0.00021168501983037658
  },
  "opt_energy_user_satisfaction": {
    "mean": 79.98372862654519,
    "std": 1.2020719333520056,
    "min": 78.61260110685399,
    "max": 86.76613086362802
  },
  "opt_average_user_satisfaction": {
    "mean": 0.9921940777164852,
    "std": 0.004330583240484437,
    "min": 0.9826575138356747,
    "max": 1.0
  },
  "opt_min_user_satisfaction": {
    "mean": 0.9804948168139488,
    "std": 0.009914825268264312,
    "min": 0.965,
    "max": 1.0
  },
  "opt_total_energy_charged": {
    "mean": 147.53649066803055,
    "std": 105.68494160153253,
    "min": 0.03904979213336852,
    "max": 542.2178020903581
  },
  "opt_total_energy_discharged": {
    "mean": 52.57462157449026,
    "std": 53.363277209462495,
    "min": 0.0,
    "max": 264.3562003374698
  },
  "opt_total_transformer_overload": {
    "mean": 0.0,
    "std": 0.0,
    "min": 0.0,
    "max": 0.0
  },
  "optimality_gap_pct": {
    "mean": -5718.438236762774
  }
}