{
  "total_reward": {
    "mean": -2864.0454458576137,
    "std": 1994.5289083207183,
    "min": -8589.262084164411,
    "max": -104.32694570161571
  },
  "total_profits": {
    "mean": -0.05387707583386892,
    "std": 0.03312623364772898,
    "min": -0.14599904483491183,
    "max": 0.0020542983840926695
  },
  "total_energy_charged": {
    "mean": 91.90757579666383,
    "std": 48.16046712155913,
    "min": 1.0767541987494134,
    "max": 220.16995401175197
  },
  "total_energy_discharged": {
    "mean": 12.969332645203824,
    "std": 11.47133871252964,
    "min": 0.0,
    "max": 47.88001632829355
  },
  "average_user_satisfaction": {
    "mean": 0.9253440249355116,
    "std": 0.047447181340561514,
    "min": 0.7582110507246377,
    "max": 1.0
  },
  "min_user_satisfaction": {
    "mean": 0.7930468350731914,
    "std": 0.09489309164925135,
    "min": 0.6079545454545455,
    "max": 1.0
  },
  "power_tracker_violation": {
    "mean": 3.7187672878177875,
    "std": 3.487120676312997,
    "min": 0.0,
    "max": 16.69224523150845
  },
  "tracking_error": {
    "mean": 13412.859618179806,
    "std": 18043.74805970133,
    "min": 129.12561222305885,
    "max": 86305.48324334508
  },
  "energy_tracking_error": {
    "mean": 166.58934860449332,
    "std": 92.3665233687679,
    "min": 12.198879442601768,
    "max": 458.79329634197467
  },
  "total_transformer_overload": {
    "mean": 0.0,
    "std": 0.0,
    "min": 0.0,
    "max": 0.0
  },
  "battery_degradation": {
    "mean": 0.00020871487017788172,
    "std": 0.00010408982421184154,
    "min": 2.0333859315920473e-05,
    "max": 0.0005173755090450977
  },
  "exec_time_per_step": {
    "mean": 0.01947056100121699,
    "std": 0.0012845608942318098,
    "min": 0.017726480417574447,
    "max": 0.023874396458268166
  },
  "opt_total_reward": {
    "mean": -100.7490402643937,
    "std": 197.0711599504575,
    "min": -1034.713148928031,
    "max": -0.18801250181205606
  },
  "opt_total_profits": {
    "mean": -0.05734142375659904,
    "std": 0.03821529823272145,
    "min": -0.1715042952401475,
    "max": 0.0
  },
  "opt_tracking_error": {
    "mean": 13418.211537313964,
    "std": 15619.951458717165,
    "min": 76.92238263086377,
    "max": 76814.1584311513
  },
  "opt_actual_tracking_error": {
    "mean": 152.3905504132604,
    "std": 84.26204084025514,
    "min": 9.294077571684284,
    "max": 404.79348026253655
  },
  "opt_power_tracker_violation": {
    "mean": 0.008652188406370623,
    "std": 0.03411568829533836,
    "min": 0.0,
    "max": 0.18629444156137231
  },
  "opt_energy_user_satisfaction": {
    "mean": 80.1131536643658,
    "std": 1.7907120309243092,
    "min": 78.50336909467345,
    "max": 90.43478260869566
  },
  "opt_average_user_satisfaction": {
    "mean": 0.9903120029146735,
    "std": 0.0052423053242850425,
    "min": 0.9731981688944112,
    "max": 1.0
  },
  "opt_min_user_satisfaction": {
    "mean": 0.9748204334784816,
    "std": 0.020109460763640334,
    "min": 0.8639610389610389,
    "max": 1.0
  },
  "opt_total_energy_charged": {
    "mean": 149.7379792072719,
    "std": 86.34878501966729,
    "min": 0.0,
    "max": 357.11418786398474
  },
  "opt_total_energy_discharged": {
    "mean": 58.455995414284715,
    "std": 49.66038774299059,
    "min": 0.0,
    "max": 205.32671630303145
  },
  "opt_total_transformer_overload": {
    "mean": 0.0,
    "std": 0.0,
    "min": 0.0,
    "max": 0.0
  },
  "optimality_gap_pct": {
    "mean": -2742.7520881008454
  }
}