{
  "total_reward": {
    "mean": -8263.944581102627,
    "std": 6137.3564393262905,
    "min": -25198.295836126268,
    "max": -305.3975347821719
  },
  "total_profits": {
    "mean": -0.05254118611710849,
    "std": 0.029398906520847264,
    "min": -0.1184901140937891,
    "max": 0.0016414786823302655
  },
  "total_energy_charged": {
    "mean": 79.0818828232576,
    "std": 38.720232432709686,
    "min": 0.4791629556159366,
    "max": 177.36430841506586
  },
  "total_energy_discharged": {
    "mean": 2.7243484688797923,
    "std": 2.8185842137341837,
    "min": 0.0,
    "max": 12.327290425170165
  },
  "average_user_satisfaction": {
    "mean": 0.8819536916036879,
    "std": 0.06277605648693303,
    "min": 0.7182286844135802,
    "max": 1.0
  },
  "min_user_satisfaction": {
    "mean": 0.6511887276969754,
    "std": 0.15692410898094233,
    "min": 0.42808441558441557,
    "max": 1.0
  },
  "power_tracker_violation": {
    "mean": 4.672400999165115,
    "std": 3.2394360125996338,
    "min": 0.0,
    "max": 14.731268604343075
  },
  "tracking_error": {
    "mean": 13415.141057020635,
    "std": 17974.32172251136,
    "min": 122.2361011770259,
    "max": 96040.2645056148
  },
  "energy_tracking_error": {
    "mean": 169.64687425724918,
    "std": 95.46168936157349,
    "min": 12.106708206665969,
    "max": 465.79076417899404
  },
  "total_transformer_overload": {
    "mean": 0.0,
    "std": 0.0,
    "min": 0.0,
    "max": 0.0
  },
  "battery_degradation": {
    "mean": 0.00017504452939915192,
    "std": 8.151543292841361e-05,
    "min": 1.861815951127778e-05,
    "max": 0.0004173866974036851
  },
  "exec_time_per_step": {
    "mean": 0.01839492893583762,
    "std": 0.0009004819066852043,
    "min": 0.017377798018666606,
    "max": 0.023567918707461406
  },
  "opt_total_reward": {
    "mean": -100.7490402643937,
    "std": 197.0711599504575,
    "min": -1034.713148928031,
    "max": -0.18801250181205606
  },
  "opt_total_profits": {
    "mean": -0.05734142375659904,
    "std": 0.03821529823272145,
    "min": -0.1715042952401475,
    "max": 0.0
  },
  "opt_tracking_error": {
    "mean": 13418.211537313964,
    "std": 15619.951458717165,
    "min": 76.92238263086377,
    "max": 76814.1584311513
  },
  "opt_actual_tracking_error": {
    "mean": 152.3905504132604,
    "std": 84.26204084025514,
    "min": 9.294077571684284,
    "max": 404.79348026253655
  },
  "opt_power_tracker_violation": {
    "mean": 0.008652188406370623,
    "std": 0.03411568829533836,
    "min": 0.0,
    "max": 0.18629444156137231
  },
  "opt_energy_user_satisfaction": {
    "mean": 80.1131536643658,
    "std": 1.7907120309243092,
    "min": 78.50336909467345,
    "max": 90.43478260869566
  },
  "opt_average_user_satisfaction": {
    "mean": 0.9903120029146735,
    "std": 0.0052423053242850425,
    "min": 0.9731981688944112,
    "max": 1.0
  },
  "opt_min_user_satisfaction": {
    "mean": 0.9748204334784816,
    "std": 0.020109460763640334,
    "min": 0.8639610389610389,
    "max": 1.0
  },
  "opt_total_energy_charged": {
    "mean": 149.7379792072719,
    "std": 86.34878501966729,
    "min": 0.0,
    "max": 357.11418786398474
  },
  "opt_total_energy_discharged": {
    "mean": 58.455995414284715,
    "std": 49.66038774299059,
    "min": 0.0,
    "max": 205.32671630303145
  },
  "opt_total_transformer_overload": {
    "mean": 0.0,
    "std": 0.0,
    "min": 0.0,
    "max": 0.0
  },
  "optimality_gap_pct": {
    "mean": -8102.504519562392
  }
}