{
  "total_reward": {
    "mean": -6124.028834580048,
    "std": 5158.398352880964,
    "min": -19614.324579778044,
    "max": -24.125548676461282
  },
  "total_profits": {
    "mean": -0.048591047106272295,
    "std": 0.039610944998090376,
    "min": -0.15638401642685693,
    "max": 0.00031201853814210044
  },
  "total_energy_charged": {
    "mean": 81.31719495299807,
    "std": 64.45667201431672,
    "min": 0.2618681245802906,
    "max": 276.91062964480125
  },
  "total_energy_discharged": {
    "mean": 14.518402770332465,
    "std": 13.752804475277289,
    "min": 0.056373099840447395,
    "max": 56.421570509376394
  },
  "average_user_satisfaction": {
    "mean": 0.8547844886266789,
    "std": 0.12713820884921917,
    "min": 0.4765161169415292,
    "max": 0.9986451083913287
  },
  "min_user_satisfaction": {
    "mean": 0.6849761946774326,
    "std": 0.17366549925799382,
    "min": 0.3605603448275862,
    "max": 0.9937904967602592
  },
  "power_tracker_violation": {
    "mean": 6.867191635329402,
    "std": 6.7203195599149455,
    "min": 0.07039431347184988,
    "max": 27.411172416051574
  },
  "tracking_error": {
    "mean": 15013.955785923952,
    "std": 15291.970539020966,
    "min": 210.7436452919807,
    "max": 68191.46830428138
  },
  "energy_tracking_error": {
    "mean": 175.69008029916603,
    "std": 99.69728266597116,
    "min": 15.028749931793412,
    "max": 468.45553475493665
  },
  "total_transformer_overload": {
    "mean": 0.0,
    "std": 0.0,
    "min": 0.0,
    "max": 0.0
  },
  "battery_degradation": {
    "mean": 0.00018335684212157974,
    "std": 0.00013674739714626287,
    "min": 1.5003888963154123e-05,
    "max": 0.0005972666263455291
  },
  "exec_time_per_step": {
    "mean": 0.01836383416627844,
    "std": 0.0005761708535299801,
    "min": 0.01750390650704503,
    "max": 0.021421855528994154
  },
  "opt_total_reward": {
    "mean": -61.34316929831366,
    "std": 189.77096134280652,
    "min": -1331.3150711933067,
    "max": -1.4776441343266648e-05
  },
  "opt_total_profits": {
    "mean": -0.06134743861018415,
    "std": 0.04204452790669314,
    "min": -0.18594010177005832,
    "max": -1.4776441343266648e-05
  },
  "opt_tracking_error": {
    "mean": 12989.73515999199,
    "std": 12805.27864611762,
    "min": 201.0137149785163,
    "max": 49033.46543293001
  },
  "opt_actual_tracking_error": {
    "mean": 144.0934100799251,
    "std": 89.84415087963977,
    "min": 14.56470818570309,
    "max": 392.51165196657786
  },
  "opt_power_tracker_violation": {
    "mean": 5.018597034123218e-06,
    "std": 3.003044742923421e-05,
    "min": 0.0,
    "max": 0.00021168501983037658
  },
  "opt_energy_user_satisfaction": {
    "mean": 79.98372862654519,
    "std": 1.2020719333520056,
    "min": 78.61260110685399,
    "max": 86.76613086362802
  },
  "opt_average_user_satisfaction": {
    "mean": 0.9921940777164852,
    "std": 0.004330583240484437,
    "min": 0.9826575138356747,
    "max": 1.0
  },
  "opt_min_user_satisfaction": {
    "mean": 0.9804948168139488,
    "std": 0.009914825268264312,
    "min": 0.965,
    "max": 1.0
  },
  "opt_total_energy_charged": {
    "mean": 147.53649066803055,
    "std": 105.68494160153253,
    "min": 0.03904979213336852,
    "max": 542.2178020903581
  },
  "opt_total_energy_discharged": {
    "mean": 52.57462157449026,
    "std": 53.363277209462495,
    "min": 0.0,
    "max": 264.3562003374698
  },
  "opt_total_transformer_overload": {
    "mean": 0.0,
    "std": 0.0,
    "min": 0.0,
    "max": 0.0
  },
  "optimality_gap_pct": {
    "mean": -9883.2286212646
  }
}